Workbook

Sheet README
B2: Dataset | C2: Page Name | D2: Source
B3: County Population and Housing Timeseries, 2010 to Current Year | C3: CountyPopHousing | D3: link
B4: County Population Profiles, 1985 to Current Year | C4: CountingHousingProf | D4: link

Sheet CountyHousingProf
A1: Vintage 2022 prepared October 2023.
A2: countyfips | B2: name | C2: year | D2: totalpopulation | E2: births | F2: naturalincrease | G2: netmigration | H2: deaths | I2: totalhousingunits | J2: households | K2: householdsize | L2: householdpopulation | M2: censusbuildingpermits | N2: vacancyrate | O2: vacanthousingunits | P2: hhldpoptothuratio
A3: 000 | B3: COLORADO STATE | C3: 2020 | D3: 5784584 | E3: 62809 | F3: 20660 | G3: 29011 | H3: 42149 | I3: 2501178 | L3: 5659934 | M3: 40469 | P3: 2.2629073
A4: 001 | B4: ADAMS COUNTY | C4: 2020 | D4: 520433 | E4: 6805 | F4: 3403 | G4: 548 | H4: 3402 | I4: 187288 | L4: 515957 | M4: 4027 | P4: 2.7548855
A5: 003 | B5: ALAMOSA COUNTY | C5: 2020 | D5: 16371 | E5: 187 | F5: 28 | G5: 96 | H5: 159 | I5: 7072 | L5: 15411 | M5: 62 | P5: 2.1791572
A6: 005 | B6: ARAPAHOE COUNTY | C6: 2020 | D6: 655212 | E6: 7580 | F6: 2964 | G6: -1556 | H6: 4616 | I6: 263241 | L6: 649825 | M6: 4116 | P6: 2.4685554
A7: 007 | B7: ARCHULETA COUNTY | C7: 2020 | D7: 13428 | E7: 102 | F7: -8 | G7: 242 | H7: 110 | I7: 9537 | L7: 13330 | M7: 153 | P7: 1.3977142
A8: 009 | B8: BACA COUNTY | C8: 2020 | D8: 3478 | E8: 40 | F8: -28 | G8: -59 | H8: 68 | I8: 1972 | L8: 3424 | M8: 2 | P8: 1.7363083
A9: 011 | B9: BENT COUNTY | C9: 2020 | D9: 5477 | E9: 43 | F9: -28 | G9: -475 | H9: 71 | I9: 2136 | L9: 4071 | M9: 5 | P9: 1.9058989
A10: 013 | B10: BOULDER COUNTY | C10: 2020 | D10: 330923 | E10: 2507 | F10: 467 | G10: 1629 | H10: 2040 | I10: 141291 | L10: 315633 | M10: 1634 | P10: 2.2339215
A11: 014 | B11: BROOMFIELD COUNTY | C11: 2020 | D11: 74494 | E11: 642 | F11: 210 | G11: 1615 | H11: 432 | I11: 31463 | L11: 74013 | M11: 427 | P11: 2.3523822
A12: 015 | B12: CHAFFEE COUNTY | C12: 2020 | D12: 19478 | E12: 135 | F12: -74 | G12: 161 | H12: 209 | I12: 10993 | L12: 18247 | M12: 186 | P12: 1.6598745
A13: 017 | B13: CHEYENNE COUNTY | C13: 2020 | D13: 1744 | E13: 17 | F13: 0 | G13: -33 | H13: 17 | I13: 929 | L13: 1722 | M13: 6 | P13: 1.853606
A14: 019 | B14: CLEAR CREEK COUNTY | C14: 2020 | D14: 9397 | E14: 67 | F14: -6 | G14: -11 | H14: 73 | I14: 5688 | L14: 9315 | M14: 94 | P14: 1.6376582
... A197: 125 | B197: YUMA COUNTY | C197: 2022 | D197: 9920 | E197: 140 | F197: 45 | G197: -57 | H197: 95 | I197: 4326 | L197: 9757 | M197: 20 | P197: 2.2554323

Sheet CountyPopHousing
A1: Vintage 2022 prepared October 2023.
A2: County FIPS | B2: County | C2: Year | D2: Total Population | E2: Household Population | F2: Group Quarters Population | G2: Household Size | H2: Total Housing Units | I2: Occupied Housing Units | J2: Vacant Housing Units | K2: Vacancy Percent | L2: Household Population to Total Housing Units Ratio
A3: 0 | B3: Colorado State | C3: 2010 | D3: 5050332 | E3: 4933380 | F3: 116952 | G3: 2.5 | H3: 2205618 | I3: 1971855 | J3: 233763 | K3: 10.6 | L3: 2.2367337
A4: 1 | B4: Adams County | C4: 2010 | D4: 443711 | E4: 439684 | F4: 4027 | G4: 2.85 | H4: 163435 | I4: 154505 | J4: 8930 | K4: 5.46 | L4: 2.6902683
A5: 3 | B5: Alamosa County | C5: 2010 | D5: 15474 | E5: 14734 | F5: 740 | G5: 2.45 | H5: 6561 | I5: 6007 | J5: 554 | K5: 8.44 | L5: 2.2456943
A6: 5 | B6: Arapahoe County | C6: 2010 | D6: 574819 | E6: 569899 | F6: 4920 | G6: 2.53 | H6: 239171 | I6: 225108 | J6: 14063 | K6: 5.88 | L6: 2.3828098
A7: 7 | B7: Archuleta County | C7: 2010 | D7: 12060 | E7: 11931 | F7: 129 | G7: 2.27 | H7: 8762 | I7: 5257 | J7: 3505 | K7: 40 | L7: 1.3616754
A8: 9 | B8: Baca County | C8: 2010 | D8: 3795 | E8: 3713 | F8: 82 | G8: 2.52 | H8: 1964 | I8: 1475 | J8: 489 | K8: 24.9 | L8: 1.8905295
A9: 11 | B9: Bent County | C9: 2010 | D9: 6506 | E9: 4298 | F9: 2208 | G9: 2.49 | H9: 2111 | I9: 1728 | J9: 383 | K9: 18.14 | L9: 2.0360019
A10: 13 | B10: Boulder County | C10: 2010 | D10: 295605 | E10: 286209 | F10: 9396 | G10: 2.39 | H10: 127213 | I10: 119568 | J10: 7645 | K10: 6.01 | L10: 2.2498408
A11: 14 | B11: Broomfield County | C11: 2010 | D11: 56107 | E11: 55825 | F11: 282 | G11: 2.6 | H11: 22685 | I11: 21498 | J11: 1187 | K11: 5.23 | L11: 2.4608772
A12: 15 | B12: Chaffee County | C12: 2010 | D12: 17797 | E12: 16361 | F12: 1436 | G12: 2.15 | H12: 10030 | I12: 7595 | J12: 2435 | K12: 24.28 | L12: 1.6312064
A13: 17 | B13: Cheyenne County | C13: 2010 | D13: 1834 | E13: 1792 | F13: 42 | G13: 2.55 | H13: 868 | I13: 702 | J13: 166 | K13: 19.12 | L13: 2.0645161
A14: 19 | B14: Clear Creek County | C14: 2010 | D14: 9155 | E14: 9024 | F14: 131 | G14: 2.22 | H14: 5472 | I14: 4060 | J14: 1412 | K14: 25.8 | L14: 1.6491228
... A652: 125 | B652: Yuma County | C652: 2019 | D652: 10010 | E652: 9793 | F652: 217 | G652: 2.54 | H652: 4317 | I652: 3862 | J652: 455 | K652: 10.55 | L652: 2.2684735
A653: 0 | B653: Colorado State | C653: 2020 | D653: 5784584 | E653: 5659934 | F653: 124650 | H653: 2501178 | L653: 2.2629073
A654: 1 | B654: Adams County | C654: 2020 | D654: 520433 | E654: 515957 | F654: 4476 | H654: 187288 | L654: 2.7548855
A655: 3 | B655: Alamosa County | C655: 2020 | D655: 16371 | E655: 15411 | F655: 960 | H655: 7072 | L655: 2.1791572
A656: 5 | B656: Arapahoe County | C656: 2020 | D656: 655212 | E656: 649825 | F656: 5387 | H656: 263241 | L656: 2.4685554
A657: 7 | B657: Archuleta County | C657: 2020 | D657: 13428 | E657: 13330 | F657: 98 | H657: 9537 | L657: 1.3977142
A658: 9 | B658: Baca County | C658: 2020 | D658: 3478 | E658: 3424 | F658: 54 | H658: 1972 | L658: 1.7363083
A659: 11 | B659: Bent County | C659: 2020 | D659: 5477 | E659: 4071 | F659: 1406 | H659: 2136 | L659: 1.9058989
A660: 13 | B660: Boulder County | C660: 2020 | D660: 330923 | E660: 315633 | F660: 15290 | H660: 141291 | L660: 2.2339215
A661: 14 | B661: Broomfield County | C661: 2020 | D661: 74494 | E661: 74013 | F661: 481 | H661: 31463 | L661: 2.3523822
A662: 15 | B662: Chaffee County | C662: 2020 | D662: 19478 | E662: 18247 | F662: 1231 | H662: 10993 | L662: 1.6598745
A663: 17 | B663: Cheyenne County | C663: 2020 | D663: 1744 | E663: 1722 | F663: 22 | H663: 929 | L663: 1.853606
A664: 19 | B664: Clear Creek County | C664: 2020 | D664: 9397 | E664: 9315 | F664: 82 | H664: 5688 | L664: 1.6376582
... A847: 125 | B847: Yuma County | C847: 2022 | D847: 9920 | E847: 9757 | F847: 163 | H847: 4326 | L847: 2.2554323

Sheet Lookups
A1: {=_xlfn.UNIQUE(CountyHousingProf!B2:B197)} -> name | B1: =CountyHousingProf!A2 -> countyfips | C1: area (sq. mi) | D1: region
A2: COLORADO STATE | B2: =_xlfn.XLOOKUP(A2,CountyHousingProf!$B$3:$B$197,CountyHousingProf!$A$3:$A$197) -> 000 | C2: =SUM(C3:C66) -> 104095.97
A3: ADAMS COUNTY | B3: =_xlfn.XLOOKUP(A3,CountyHousingProf!$B$3:$B$197,CountyHousingProf!$A$3:$A$197) -> 001 | C3: 1182.29 | D3: 3
A4: ALAMOSA COUNTY | B4: =_xlfn.XLOOKUP(A4,CountyHousingProf!$B$3:$B$197,CountyHousingProf!$A$3:$A$197) -> 003 | C4: 723.21 | D4: 8
A5: ARAPAHOE COUNTY | B5: =_xlfn.XLOOKUP(A5,CountyHousingProf!$B$3:$B$197,CountyHousingProf!$A$3:$A$197) -> 005 | C5: 804.41 | D5: 3
A6: ARCHULETA COUNTY | B6: =_xlfn.XLOOKUP(A6,CountyHousingProf!$B$3:$B$197,CountyHousingProf!$A$3:$A$197) -> 007 | C6: 1354.53 | D6: 9
A7: BACA COUNTY | B7: =_xlfn.XLOOKUP(A7,CountyHousingProf!$B$3:$B$197,CountyHousingProf!$A$3:$A$197) -> 009 | C7: 2558.48 | D7: 6
A8: BENT COUNTY | B8: =_xlfn.XLOOKUP(A8,CountyHousingProf!$B$3:$B$197,CountyHousingProf!$A$3:$A$197) -> 011 | C8: 1541.07 | D8: 6
A9: BOULDER COUNTY | B9: =_xlfn.XLOOKUP(A9,CountyHousingProf!$B$3:$B$197,CountyHousingProf!$A$3:$A$197) -> 013 | C9: 740.48 | D9: 3
A10: BROOMFIELD COUNTY | B10: =_xlfn.XLOOKUP(A10,CountyHousingProf!$B$3:$B$197,CountyHousingProf!$A$3:$A$197) -> 014 | C10: 33.57 | D10: 3
A11: CHAFFEE COUNTY | B11: =_xlfn.XLOOKUP(A11,CountyHousingProf!$B$3:$B$197,CountyHousingProf!$A$3:$A$197) -> 015 | C11: 1014.12 | D11: 13
A12: CHEYENNE COUNTY | B12: =_xlfn.XLOOKUP(A12,CountyHousingProf!$B$3:$B$197,CountyHousingProf!$A$3:$A$197) -> 017 | C12: 1781.9 | D12: 5
A13: CLEAR CREEK COUNTY | B13: =_xlfn.XLOOKUP(A13,CountyHousingProf!$B$3:$B$197,CountyHousingProf!$A$3:$A$197) -> 019 | C13: 396.53 | D13: 3
A14: CONEJOS COUNTY | B14: =_xlfn.XLOOKUP(A14,CountyHousingProf!$B$3:$B$197,CountyHousingProf!$A$3:$A$197) -> 021 | C14: 1290.22 | D14: 8
... A66: YUMA COUNTY | B66: =_xlfn.XLOOKUP(A66,CountyHousingProf!$B$3:$B$197,CountyHousingProf!$A$3:$A$197) -> 125 | C66: 2369.61 | D66: 1

Sheet COMB_RAW_DATA
A1: County FIPS | B1: Region | C1: County | D1: Year | E1: Total Population | F1: Household Population | G1: Group Quarters Population | H1: Household Size | I1: Total Housing Units | J1: Occupied Housing Units | K1: Vacant Housing Units | L1: Vacancy Percent | M1: Household Population to Total Housing Units Ratio | N1: Density (pers/sq mi) | O1: totalpopulation | P1: births | Q1: naturalincrease | R1: netmigration | S1: deaths | T1: totalhousingunits | U1: households | V1: householdsize | W1: householdpopulation | X1: censusbuildingpermits | Y1: vacancyrate | Z1: vacanthousingunits | AA1: hhldpoptothuratio
A2: 1 | B2: 3 | C2: Adams County | D2: 2010 | E2: 443711 | F2: 439684 | G2: 4027 | H2: 2.85 | I2: 163435 | J2: 154505 | K2: 8930 | L2: 5.46 | M2: 2.6902683 | N2: =E2/_xlfn.XLOOKUP(C2,Lookups!$A$2:$A$66,Lookups!$C$2:$C$66) -> 375.29794
A3: 1 | B3: 3 | C3: Adams County | D3: 2011 | E3: 452181 | F3: 448120 | G3: 4061 | H3: 2.85 | I3: 164593 | J3: 157248 | K3: 7345 | L3: 4.46 | M3: 2.7225945 | N3: =E3/_xlfn.XLOOKUP(C3,Lookups!$A$2:$A$66,Lookups!$C$2:$C$66) -> 382.462
A4: 1 | B4: 3 | C4: Adams County | D4: 2012 | E4: 460468 | F4: 456411 | G4: 4057 | H4: 2.85 | I4: 165858 | J4: 159932 | K4: 5926 | L4: 3.57 | M4: 2.7518178 | N4: =E4/_xlfn.XLOOKUP(C4,Lookups!$A$2:$A$66,Lookups!$C$2:$C$66) -> 389.47128
A5: 1 | B5: 3 | C5: Adams County | D5: 2013 | E5: 469878 | F5: 465792 | G5: 4086 | H5: 2.86 | I5: 167459 | J5: 162991 | K5: 4468 | L5: 2.67 | M5: 2.7815286 | N5: =E5/_xlfn.XLOOKUP(C5,Lookups!$A$2:$A$66,Lookups!$C$2:$C$66) -> 397.43041
A6: 1 | B6: 3 | C6: Adams County | D6: 2014 | E6: 479901 | F6: 475690 | G6: 4211 | H6: 2.86 | I6: 169377 | J6: 166221 | K6: 3156 | L6: 1.86 | M6: 2.8084687 | N6: =E6/_xlfn.XLOOKUP(C6,Lookups!$A$2:$A$66,Lookups!$C$2:$C$66) -> 405.90803
A7: 1 | B7: 3 | C7: Adams County | D7: 2015 | E7: 490351 | F7: 486126 | G7: 4225 | H7: 2.87 | I7: 171361 | J7: 169630 | K7: 1731 | L7: 1.01 | M7: 2.8368532 | N7: =E7/_xlfn.XLOOKUP(C7,Lookups!$A$2:$A$66,Lookups!$C$2:$C$66) -> 414.7468
A8: 1 | B8: 3 | C8: Adams County | D8: 2016 | E8: 497822 | F8: 493406 | G8: 4416 | H8: 2.87 | I8: 173204 | J8: 171930 | K8: 1274 | L8: 0.74 | M8: 2.8486986 | N8: =E8/_xlfn.XLOOKUP(C8,Lookups!$A$2:$A$66,Lookups!$C$2:$C$66) -> 421.0659
A9: 1 | B9: 3 | C9: Adams County | D9: 2017 | E9: 503706 | F9: 499300 | G9: 4406 | H9: 2.87 | I9: 176439 | J9: 173741 | K9: 2698 | L9: 1.53 | M9: 2.8298732 | N9: =E9/_xlfn.XLOOKUP(C9,Lookups!$A$2:$A$66,Lookups!$C$2:$C$66) -> 426.04268
A10: 1 | B10: 3 | C10: Adams County | D10: 2018 | E10: 511422 | F10: 506996 | G10: 4426 | H10: 2.88 | I10: 180056 | J10: 176173 | K10: 3883 | L10: 2.16 | M10: 2.8157684 | N10: =E10/_xlfn.XLOOKUP(C10,Lookups!$A$2:$A$66,Lookups!$C$2:$C$66) -> 432.569
A11: 1 | B11: 3 | C11: Adams County | D11: 2019 | E11: 516482 | F11: 512038 | G11: 4444 | H11: 2.88 | I11: 183751 | J11: 177677 | K11: 6074 | L11: 3.31 | M11: 2.7865862 | N11: =E11/_xlfn.XLOOKUP(C11,Lookups!$A$2:$A$66,Lookups!$C$2:$C$66) -> 436.84883
A12: 1 | B12: 3 | C12: Adams County | D12: 2020 | E12: 520433 | F12: 515957 | G12: 4476 | I12: 187288 | M12: 2.7548855 | N12: =E12/_xlfn.XLOOKUP(C12,Lookups!$A$2:$A$66,Lookups!$C$2:$C$66) -> 440.19065 | O12: 520433 | P12: 6805 | Q12: 3403 | R12: 548 | S12: 3402 | T12: 187288 | W12: 515957 | X12: 4027 | AA12: 2.7548855
A13: 1 | B13: 3 | C13: Adams County | D13: 2021 | E13: 523417 | F13: 518896 | G13: 4521 | I13: 191198 | M13: 2.7139196 | N13: =E13/_xlfn.XLOOKUP(C13,Lookups!$A$2:$A$66,Lookups!$C$2:$C$66) -> 442.71456 | O13: 523417 | P13: 6644 | Q13: 2686 | R13: 298 | S13: 3958 | T13: 191198 | W13: 518896 | X13: 4687 | AA13: 2.7139196
A14: 1 | B14: 3 | C14: Adams County | D14: 2022 | E14: 527501 | F14: 522937 | G14: 4564 | I14: 196741 | M14: 2.6579971 | N14: =E14/_xlfn.XLOOKUP(C14,Lookups!$A$2:$A$66,Lookups!$C$2:$C$66) -> 446.16888 | O14: 527501 | P14: 6838 | Q14: 2544 | R14: 1540 | S14: 4294 | T14: 196741 | W14: 522937 | X14: 2811 | AA14: 2.6579971
A15: 3 | B15: 8 | C15: Alamosa County | D15: 2010 | E15: 15474 | F15: 14734 | G15: 740 | H15: 2.45 | I15: 6561 | J15: 6007 | K15: 554 | L15: 8.44 | M15: 2.2456943 | N15: =E15/_xlfn.XLOOKUP(C15,Lookups!$A$2:$A$66,Lookups!$C$2:$C$66) -> 21.396275
A16: 3 | B16: 8 | C16: Alamosa County | D16: 2011 | E16: 15528 | F16: 14788 | G16: 740 | H16: 2.45 | I16: 6591 | J16: 6037 | K16: 554 | L16: 8.41 | M16: 2.2436656 | N16: =E16/_xlfn.XLOOKUP(C16,Lookups!$A$2:$A$66,Lookups!$C$2:$C$66) -> 21.470942
A17: 3 | B17: 8 | C17: Alamosa County | D17: 2012 | E17: 15604 | F17: 14864 | G17: 740 | H17: 2.45 | I17: 6636 | J17: 6075 | K17: 561 | L17: 8.45 | M17: 2.2399036 | N17: =E17/_xlfn.XLOOKUP(C17,Lookups!$A$2:$A$66,Lookups!$C$2:$C$66) -> 21.576029
A18: 3 | B18: 8 | C18: Alamosa County | D18: 2013 | E18: 15709 | F18: 14969 | G18: 740 | H18: 2.44 | I18: 6700 | J18: 6126 | K18: 574 | L18: 8.57 | M18: 2.2341791 | N18: =E18/_xlfn.XLOOKUP(C18,Lookups!$A$2:$A$66,Lookups!$C$2:$C$66) -> 21.721215
A19: 3 | B19: 8 | C19: Alamosa County | D19: 2014 | E19: 15788 | F19: 14923 | G19: 865 | H19: 2.44 | I19: 6747 | J19: 6115 | K19: 632 | L19: 9.37 | M19: 2.2117978 | N19: =E19/_xlfn.XLOOKUP(C19,Lookups!$A$2:$A$66,Lookups!$C$2:$C$66) -> 21.83045
A20: 3 | B20: 8 | C20: Alamosa County | D20: 2015 | E20: 15885 | F20: 15020 | G20: 865 | H20: 2.44 | I20: 6807 | J20: 6163 | K20: 644 | L20: 9.46 | M20: 2.2065521 | N20: =E20/_xlfn.XLOOKUP(C20,Lookups!$A$2:$A$66,Lookups!$C$2:$C$66) -> 21.964575
A21: 3 | B21: 8 | C21: Alamosa County | D21: 2016 | E21: 15936 | F21: 15071 | G21: 865 | H21: 2.43 | I21: 6835 | J21: 6192 | K21: 643 | L21: 9.41 | M21: 2.2049744 | N21: =E21/_xlfn.XLOOKUP(C21,Lookups!$A$2:$A$66,Lookups!$C$2:$C$66) -> 22.035094
A22: 3 | B22: 8 | C22: Alamosa County | D22: 2017 | E22: 16053 | F22: 15188 | G22: 865 | H22: 2.43 | I22: 6908 | J22: 6247 | K22: 661 | L22: 9.57 | M22: 2.1986103 | N22: =E22/_xlfn.XLOOKUP(C22,Lookups!$A$2:$A$66,Lookups!$C$2:$C$66) -> 22.196872
A23: 3 | B23: 8 | C23: Alamosa County | D23: 2018 | E23: 16184 | F23: 15319 | G23: 865 | H23: 2.43 | I23: 6990 | J23: 6310 | K23: 680 | L23: 9.73 | M23: 2.1915594 | N23: =E23/_xlfn.XLOOKUP(C23,Lookups!$A$2:$A$66,Lookups!$C$2:$C$66) -> 22.378009
A24: 3 | B24: 8 | C24: Alamosa County | D24: 2019 | E24: 16247 | F24: 15382 | G24: 865 | H24: 2.43 | I24: 7026 | J24: 6343 | K24: 683 | L24: 9.72 | M24: 2.1892969 | N24: =E24/_xlfn.XLOOKUP(C24,Lookups!$A$2:$A$66,Lookups!$C$2:$C$66) -> 22.465121
A25: 3 | B25: 8 | C25: Alamosa County | D25: 2020 | E25: 16371 | F25: 15411 | G25: 960 | I25: 7072 | M25: 2.1791572 | N25: =E25/_xlfn.XLOOKUP(C25,Lookups!$A$2:$A$66,Lookups!$C$2:$C$66) -> 22.636579 | O25: 16371 | P25: 187 | Q25: 28 | R25: 96 | S25: 159 | T25: 7072 | W25: 15411 | X25: 62 | AA25: 2.1791572
A26: 3 | B26: 8 | C26: Alamosa County | D26: 2021 | E26: 16574 | F26: 15590 | G26: 984 | I26: 7137 | M26: 2.1843912 | N26: =E26/_xlfn.XLOOKUP(C26,Lookups!$A$2:$A$66,Lookups!$C$2:$C$66) -> 22.917272 | O26: 16574 | P26: 188 | Q26: 26 | R26: 177 | S26: 162 | T26: 7137 | W26: 15590 | X26: 109 | AA26: 2.1843912
A27: 3 | B27: 8 | C27: Alamosa County | D27: 2022 | E27: 16575 | F27: 15609 | G27: 966 | I27: 7250 | M27: 2.1529655 | N27: =E27/_xlfn.XLOOKUP(C27,Lookups!$A$2:$A$66,Lookups!$C$2:$C$66) -> 22.918654 | O27: 16575 | P27: 196 | Q27: -11 | R27: 12 | S27: 207 | T27: 7250 | W27: 15609 | X27: 102 | AA27: 2.1529655
A28: 5 | B28: 3 | C28: Arapahoe County | D28: 2010 | E28: 574819 | F28: 569899 | G28: 4920 | H28: 2.53 | I28: 239171 | J28: 225108 | K28: 14063 | L28: 5.88 | M28: 2.3828098 | N28: =E28/_xlfn.XLOOKUP(C28,Lookups!$A$2:$A$66,Lookups!$C$2:$C$66) -> 714.5846
A29: 5 | B29: 3 | C29: Arapahoe County | D29: 2011 | E29: 585817 | F29: 580907 | G29: 4910 | H29: 2.54 | I29: 240616 | J29: 228868 | K29: 11748 | L29: 4.88 | M29: 2.4142493 | N29: =E29/_xlfn.XLOOKUP(C29,Lookups!$A$2:$A$66,Lookups!$C$2:$C$66) -> 728.25673
A30: 5 | B30: 3 | C30: Arapahoe County | D30: 2012 | E30: 596228 | F30: 591240 | G30: 4988 | H30: 2.54 | I30: 241137 | J30: 232344 | K30: 8793 | L30: 3.65 | M30: 2.4518842 | N30: =E30/_xlfn.XLOOKUP(C30,Lookups!$A$2:$A$66,Lookups!$C$2:$C$66) -> 741.19914
A31: 5 | B31: 3 | C31: Arapahoe County | D31: 2013 | E31: 607861 | F31: 602977 | G31: 4884 | H31: 2.55 | I31: 242604 | J31: 236352 | K31: 6252 | L31: 2.58 | M31: 2.4854372 | N31: =E31/_xlfn.XLOOKUP(C31,Lookups!$A$2:$A$66,Lookups!$C$2:$C$66) -> 755.66067
A32: 5 | B32: 3 | C32: Arapahoe County | D32: 2014 | E32: 618310 | F32: 613335 | G32: 4975 | H32: 2.56 | I32: 245659 | J32: 239801 | K32: 5858 | L32: 2.38 | M32: 2.4966926 | N32: =E32/_xlfn.XLOOKUP(C32,Lookups!$A$2:$A$66,Lookups!$C$2:$C$66) -> 768.65032
A33: 5 | B33: 3 | C33: Arapahoe County | D33: 2015 | E33: 629965 | F33: 625080 | G33: 4885 | H33: 2.56 | I33: 247801 | J33: 243773 | K33: 4028 | L33: 1.63 | M33: 2.522508 | N33: =E33/_xlfn.XLOOKUP(C33,Lookups!$A$2:$A$66,Lookups!$C$2:$C$66) -> 783.1392
A34: 5 | B34: 3 | C34: Arapahoe County | D34: 2016 | E34: 637656 | F34: 632707 | G34: 4949 | H34: 2.57 | I34: 249881 | J34: 246123 | K34: 3758 | L34: 1.5 | M34: 2.5320332 | N34: =E34/_xlfn.XLOOKUP(C34,Lookups!$A$2:$A$66,Lookups!$C$2:$C$66) -> 792.70024
A35: 5 | B35: 3 | C35: Arapahoe County | D35: 2017 | E35: 642976 | F35: 637915 | G35: 5061 | H35: 2.58 | I35: 254352 | J35: 247523 | K35: 6829 | L35: 2.68 | M35: 2.5080007 | N35: =E35/_xlfn.XLOOKUP(C35,Lookups!$A$2:$A$66,Lookups!$C$2:$C$66) -> 799.31378
A36: 5 | B36: 3 | C36: Arapahoe County | D36: 2018 | E36: 650167 | F36: 644993 | G36: 5174 | H36: 2.58 | I36: 257003 | J36: 249640 | K36: 7363 | L36: 2.86 | M36: 2.5096711 | N36: =E36/_xlfn.XLOOKUP(C36,Lookups!$A$2:$A$66,Lookups!$C$2:$C$66) -> 808.25325
A37: 5 | B37: 3 | C37: Arapahoe County | D37: 2019 | E37: 653804 | F37: 648519 | G37: 5285 | H37: 2.59 | I37: 259939 | J37: 250374 | K37: 9565 | L37: 3.68 | M37: 2.4948892 | N37: =E37/_xlfn.XLOOKUP(C37,Lookups!$A$2:$A$66,Lookups!$C$2:$C$66) -> 812.77458
A38: 5 | B38: 3 | C38: Arapahoe County | D38: 2020 | E38: 655212 | F38: 649825 | G38: 5387 | I38: 263241 | M38: 2.4685554 | N38: =E38/_xlfn.XLOOKUP(C38,Lookups!$A$2:$A$66,Lookups!$C$2:$C$66) -> 814.52493 | O38: 655212 | P38: 7580 | Q38: 2964 | R38: -1556 | S38: 4616 | T38: 263241 | W38: 649825 | X38: 4116 | AA38: 2.4685554
A39: 5 | B39: 3 | C39: Arapahoe County | D39: 2021 | E39: 656722 | F39: 651475 | G39: 5247 | I39: 266515 | M39: 2.4444215 | N39: =E39/_xlfn.XLOOKUP(C39,Lookups!$A$2:$A$66,Lookups!$C$2:$C$66) -> 816.40208 | O39: 656722 | P39: 7551 | Q39: 2814 | R39: -1304 | S39: 4737 | T39: 266515 | W39: 651475 | X39: 5519 | AA39: 2.4444215
A40: 5 | B40: 3 | C40: Arapahoe County | D40: 2022 | E40: 656015 | F40: 650714 | G40: 5301 | I40: 270939 | M40: 2.4016993 | N40: =E40/_xlfn.XLOOKUP(C40,Lookups!$A$2:$A$66,Lookups!$C$2:$C$66) -> 815.52318 | O40: 656015 | P40: 7612 | Q40: 2532 | R40: -3239 | S40: 5080 | T40: 270939 | W40: 650714 | X40: 4325 | AA40: 2.4016993
A41: 7 | B41: 9 | C41: Archuleta County | D41: 2010 | E41: 12060 | F41: 11931 | G41: 129 | H41: 2.27 | I41: 8762 | J41: 5257 | K41: 3505 | L41: 40 | M41: 1.3616754 | N41: =E41/_xlfn.XLOOKUP(C41,Lookups!$A$2:$A$66,Lookups!$C$2:$C$66) -> 8.9034573
A42: 7 | B42: 9 | C42: Archuleta County | D42: 2011 | E42: 11955 | F42: 11830 | G42: 125 | H42: 2.27 | I42: 8781 | J42: 5208 | K42: 3573 | L42: 40.69 | M42: 1.347227 | N42: =E42/_xlfn.XLOOKUP(C42,Lookups!$A$2:$A$66,Lookups!$C$2:$C$66) -> 8.8259396
A43: 7 | B43: 9 | C43: Archuleta County | D43: 2012 | E43: 11990 | F43: 11869 | G43: 121 | H43: 2.27 | I43: 8807 | J43: 5220 | K43: 3587 | L43: 40.73 | M43: 1.347678 | N43: =E43/_xlfn.XLOOKUP(C43,Lookups!$A$2:$A$66,Lookups!$C$2:$C$66) -> 8.8517788
A44: 7 | B44: 9 | C44: Archuleta County | D44: 2013 | E44: 11995 | F44: 11878 | G44: 117 | H44: 2.28 | I44: 8840 | J44: 5219 | K44: 3621 | L44: 40.96 | M44: 1.3436652 | N44: =E44/_xlfn.XLOOKUP(C44,Lookups!$A$2:$A$66,Lookups!$C$2:$C$66) -> 8.8554702
A45: 7 | B45: 9 | C45: Archuleta County | D45: 2014 | E45: 11931 | F45: 11818 | G45: 113 | H45: 2.28 | I45: 8899 | J45: 5187 | K45: 3712 | L45: 41.71 | M45: 1.3280144 | N45: =E45/_xlfn.XLOOKUP(C45,Lookups!$A$2:$A$66,Lookups!$C$2:$C$66) -> 8.8082213
A46: 7 | B46: 9 | C46: Archuleta County | D46: 2015 | E46: 12009 | F46: 11900 | G46: 109 | H46: 2.28 | I46: 8952 | J46: 5218 | K46: 3734 | L46: 41.71 | M46: 1.3293119 | N46: =E46/_xlfn.XLOOKUP(C46,Lookups!$A$2:$A$66,Lookups!$C$2:$C$66) -> 8.8658059
A47: 7 | B47: 9 | C47: Archuleta County | D47: 2016 | E47: 12362 | F47: 12257 | G47: 105 | H47: 2.28 | I47: 9033 | J47: 5370 | K47: 3663 | L47: 40.55 | M47: 1.3569135 | N47: =E47/_xlfn.XLOOKUP(C47,Lookups!$A$2:$A$66,Lookups!$C$2:$C$66) -> 9.1264129
A48: 7 | B48: 9 | C48: Archuleta County | D48: 2017 | E48: 12758 | F48: 12657 | G48: 101 | H48: 2.28 | I48: 9137 | J48: 5540 | K48: 3597 | L48: 39.37 | M48: 1.3852468 | N48: =E48/_xlfn.XLOOKUP(C48,Lookups!$A$2:$A$66,Lookups!$C$2:$C$66) -> 9.4187652
A49: 7 | B49: 9 | C49: Archuleta County | D49: 2018 | E49: 13034 | F49: 12937 | G49: 97 | H49: 2.29 | I49: 9277 | J49: 5657 | K49: 3620 | L49: 39.02 | M49: 1.3945241 | N49: =E49/_xlfn.XLOOKUP(C49,Lookups!$A$2:$A$66,Lookups!$C$2:$C$66) -> 9.6225259
A50: 7 | B50: 9 | C50: Archuleta County | D50: 2019 | E50: 13194 | F50: 13101 | G50: 93 | H50: 2.29 | I50: 9411 | J50: 5723 | K50: 3688 | L50: 39.19 | M50: 1.3920944 | N50: =E50/_xlfn.XLOOKUP(C50,Lookups!$A$2:$A$66,Lookups!$C$2:$C$66) -> 9.740648
A51: 7 | B51: 9 | C51: Archuleta County | D51: 2020 | E51: 13428 | F51: 13330 | G51: 98 | I51: 9537 | M51: 1.3977142 | N51: =E51/_xlfn.XLOOKUP(C51,Lookups!$A$2:$A$66,Lookups!$C$2:$C$66) -> 9.9134017 | O51: 13428 | P51: 102 | Q51: -8 | R51: 242 | S51: 110 | T51: 9537 | W51: 13330 | X51: 153 | AA51: 1.3977142
A52: 7 | B52: 9 | C52: Archuleta County | D52: 2021 | E52: 13812 | F52: 13720 | G52: 92 | I52: 9687 | M52: 1.4163312 | N52: =E52/_xlfn.XLOOKUP(C52,Lookups!$A$2:$A$66,Lookups!$C$2:$C$66) -> 10.196895 | O52: 13812 | P52: 118 | Q52: -4 | R52: 388 | S52: 122 | T52: 9687 | W52: 13720 | X52: 193 | AA52: 1.4163312
A53: 7 | B53: 9 | C53: Archuleta County | D53: 2022 | E53: 13986 | F53: 13898 | G53: 88 | I53: 9879 | M53: 1.4068226 | N53: =E53/_xlfn.XLOOKUP(C53,Lookups!$A$2:$A$66,Lookups!$C$2:$C$66) -> 10.325353 | O53: 13986 | P53: 104 | Q53: -48 | R53: 222 | S53: 152 | T53: 9879 | W53: 13898 | X53: 164 | AA53: 1.4068226
A54: 9 | B54: 6 | C54: Baca County | D54: 2010 | E54: 3795 | F54: 3713 | G54: 82 | H54: 2.52 | I54: 1964 | J54: 1475 | K54: 489 | L54: 24.9 | M54: 1.8905295 | N54: =E54/_xlfn.XLOOKUP(C54,Lookups!$A$2:$A$66,Lookups!$C$2:$C$66) -> 1.4833026
A55: 9 | B55: 6 | C55: Baca County | D55: 2011 | E55: 3767 | F55: 3689 | G55: 78 | H55: 2.22 | I55: 1966 | J55: 1661 | K55: 305 | L55: 15.54 | M55: 1.8763988 | N55: =E55/_xlfn.XLOOKUP(C55,Lookups!$A$2:$A$66,Lookups!$C$2:$C$66) -> 1.4723586
A56: 9 | B56: 6 | C56: Baca County | D56: 2012 | E56: 3704 | F56: 3631 | G56: 73 | H56: 2.22 | I56: 1968 | J56: 1634 | K56: 334 | L56: 16.97 | M56: 1.8450203 | N56: =E56/_xlfn.XLOOKUP(C56,Lookups!$A$2:$A$66,Lookups!$C$2:$C$66) -> 1.4477346
A57: 9 | B57: 6 | C57: Baca County | D57: 2013 | E57: 3637 | F57: 3568 | G57: 69 | H57: 2.18 | I57: 1968 | J57: 1634 | K57: 334 | L57: 16.97 | M57: 1.8130081 | N57: =E57/_xlfn.XLOOKUP(C57,Lookups!$A$2:$A$66,Lookups!$C$2:$C$66) -> 1.4215472
A58: 9 | B58: 6 | C58: Baca County | D58: 2014 | E58: 3564 | F58: 3500 | G58: 64 | H58: 2.14 | I58: 1968 | J58: 1634 | K58: 334 | L58: 16.97 | M58: 1.7784553 | N58: =E58/_xlfn.XLOOKUP(C58,Lookups!$A$2:$A$66,Lookups!$C$2:$C$66) -> 1.3930146
A59: 9 | B59: 6 | C59: Baca County | D59: 2015 | E59: 3530 | F59: 3470 | G59: 60 | H59: 2.12 | I59: 1968 | J59: 1634 | K59: 334 | L59: 16.97 | M59: 1.7632114 | N59: =E59/_xlfn.XLOOKUP(C59,Lookups!$A$2:$A$66,Lookups!$C$2:$C$66) -> 1.3797255
A60: 9 | B60: 6 | C60: Baca County | D60: 2016 | E60: 3505 | F60: 3450 | G60: 55 | H60: 2.11 | I60: 1968 | J60: 1634 | K60: 334 | L60: 16.97 | M60: 1.7530488 | N60: =E60/_xlfn.XLOOKUP(C60,Lookups!$A$2:$A$66,Lookups!$C$2:$C$66) -> 1.369954
A61: 9 | B61: 6 | C61: Baca County | D61: 2017 | E61: 3523 | F61: 3472 | G61: 51 | H61: 2.14 | I61: 1969 | J61: 1621 | K61: 348 | L61: 17.68 | M61: 1.7633316 | N61: =E61/_xlfn.XLOOKUP(C61,Lookups!$A$2:$A$66,Lookups!$C$2:$C$66) -> 1.3769895
A62: 9 | B62: 6 | C62: Baca County | D62: 2018 | E62: 3550 | F62: 3504 | G62: 46 | H62: 2.16 | I62: 1969 | J62: 1621 | K62: 348 | L62: 17.68 | M62: 1.7795835 | N62: =E62/_xlfn.XLOOKUP(C62,Lookups!$A$2:$A$66,Lookups!$C$2:$C$66) -> 1.3875426
A63: 9 | B63: 6 | C63: Baca County | D63: 2019 | E63: 3565 | F63: 3523 | G63: 42 | H63: 2.17 | I63: 1969 | J63: 1621 | K63: 348 | L63: 17.68 | M63: 1.7892331 | N63: =E63/_xlfn.XLOOKUP(C63,Lookups!$A$2:$A$66,Lookups!$C$2:$C$66) -> 1.3934055
A64: 9 | B64: 6 | C64: Baca County | D64: 2020 | E64: 3478 | F64: 3424 | G64: 54 | I64: 1972 | M64: 1.7363083 | N64: =E64/_xlfn.XLOOKUP(C64,Lookups!$A$2:$A$66,Lookups!$C$2:$C$66) -> 1.3594009 | O64: 3478 | P64: 40 | Q64: -28 | R64: -59 | S64: 68 | T64: 1972 | W64: 3424 | X64: 2 | AA64: 1.7363083
A65: 9 | B65: 6 | C65: Baca County | D65: 2021 | E65: 3491 | F65: 3443 | G65: 48 | I65: 1977 | M65: 1.7415276 | N65: =E65/_xlfn.XLOOKUP(C65,Lookups!$A$2:$A$66,Lookups!$C$2:$C$66) -> 1.364482 | O65: 3491 | P65: 35 | Q65: -34 | R65: 47 | S65: 69 | T65: 1977 | W65: 3443 | X65: 3 | AA65: 1.7415276
A66: 9 | B66: 6 | C66: Baca County | D66: 2022 | E66: 3431 | F66: 3383 | G66: 48 | I66: 1981 | M66: 1.7077234 | N66: =E66/_xlfn.XLOOKUP(C66,Lookups!$A$2:$A$66,Lookups!$C$2:$C$66) -> 1.3410306 | O66: 3431 | P66: 34 | Q66: -45 | R66: -15 | S66: 79 | T66: 1981 | W66: 3383 | X66: 26 | AA66: 1.7077234
A67: 11 | B67: 6 | C67: Bent County | D67: 2010 | E67: 6506 | F67: 4298 | G67: 2208 | H67: 2.49 | I67: 2111 | J67: 1728 | K67: 383 | L67: 18.14 | M67: 2.0360019 | N67: =E67/_xlfn.XLOOKUP(C67,Lookups!$A$2:$A$66,Lookups!$C$2:$C$66) -> 4.221742
A68: 11 | B68: 6 | C68: Bent County | D68: 2011 | E68: 6355 | F68: 4241 | G68: 2114 | H68: 2.34 | I68: 2116 | J68: 1816 | K68: 300 | L68: 14.19 | M68: 2.0042533 | N68: =E68/_xlfn.XLOOKUP(C68,Lookups!$A$2:$A$66,Lookups!$C$2:$C$66) -> 4.1237582
A69: 11 | B69: 6 | C69: Bent County | D69: 2012 | E69: 5864 | F69: 4178 | G69: 1686 | H69: 2.33 | I69: 2118 | J69: 1794 | K69: 324 | L69: 15.31 | M69: 1.9726157 | N69: =E69/_xlfn.XLOOKUP(C69,Lookups!$A$2:$A$66,Lookups!$C$2:$C$66) -> 3.8051484
A70: 11 | B70: 6 | C70: Bent County | D70: 2013 | E70: 5800 | F70: 4085 | G70: 1715 | H70: 2.32 | I70: 2122 | J70: 1759 | K70: 363 | L70: 17.12 | M70: 1.9250707 | N70: =E70/_xlfn.XLOOKUP(C70,Lookups!$A$2:$A$66,Lookups!$C$2:$C$66) -> 3.7636188
A71: 11 | B71: 6 | C71: Bent County | D71: 2014 | E71: 5851 | F71: 3982 | G71: 1869 | H71: 2.32 | I71: 2124 | J71: 1719 | K71: 405 | L71: 19.05 | M71: 1.8747646 | N71: =E71/_xlfn.XLOOKUP(C71,Lookups!$A$2:$A$66,Lookups!$C$2:$C$66) -> 3.7967127
A72: 11 | B72: 6 | C72: Bent County | D72: 2015 | E72: 5966 | F72: 4059 | G72: 1907 | H72: 2.31 | I72: 2124 | J72: 1758 | K72: 366 | L72: 17.25 | M72: 1.9110169 | N72: =E72/_xlfn.XLOOKUP(C72,Lookups!$A$2:$A$66,Lookups!$C$2:$C$66) -> 3.8713361
A73: 11 | B73: 6 | C73: Bent County | D73: 2016 | E73: 5753 | F73: 4018 | G73: 1735 | H73: 2.3 | I73: 2128 | J73: 1745 | K73: 383 | L73: 18.01 | M73: 1.8881579 | N73: =E73/_xlfn.XLOOKUP(C73,Lookups!$A$2:$A$66,Lookups!$C$2:$C$66) -> 3.7331205
A74: 11 | B74: 6 | C74: Bent County | D74: 2017 | E74: 5968 | F74: 4034 | G74: 1934 | H74: 2.3 | I74: 2130 | J74: 1757 | K74: 373 | L74: 17.53 | M74: 1.8938967 | N74: =E74/_xlfn.XLOOKUP(C74,Lookups!$A$2:$A$66,Lookups!$C$2:$C$66) -> 3.8726339
A75: 11 | B75: 6 | C75: Bent County | D75: 2018 | E75: 5984 | F75: 4052 | G75: 1932 | H75: 2.29 | I75: 2133 | J75: 1770 | K75: 363 | L75: 17.04 | M75: 1.8996718 | N75: =E75/_xlfn.XLOOKUP(C75,Lookups!$A$2:$A$66,Lookups!$C$2:$C$66) -> 3.8830163
A76: 11 | B76: 6 | C76: Bent County | D76: 2019 | E76: 5980 | F76: 4046 | G76: 1934 | H76: 2.28 | I76: 2135 | J76: 1772 | K76: 363 | L76: 17 | M76: 1.895082 | N76: =E76/_xlfn.XLOOKUP(C76,Lookups!$A$2:$A$66,Lookups!$C$2:$C$66) -> 3.8804207
A77: 11 | B77: 6 | C77: Bent County | D77: 2020 | E77: 5477 | F77: 4071 | G77: 1406 | I77: 2136 | M77: 1.9058989 | N77: =E77/_xlfn.XLOOKUP(C77,Lookups!$A$2:$A$66,Lookups!$C$2:$C$66) -> 3.5540242 | O77: 5477 | P77: 43 | Q77: -28 | R77: -475 | S77: 71 | T77: 2136 | W77: 4071 | X77: 5 | AA77: 1.9058989
A78: 11 | B78: 6 | C78: Bent County | D78: 2021 | E78: 5334 | F78: 4166 | G78: 1168 | I78: 2143 | M78: 1.9440037 | N78: =E78/_xlfn.XLOOKUP(C78,Lookups!$A$2:$A$66,Lookups!$C$2:$C$66) -> 3.4612315 | O78: 5334 | P78: 36 | Q78: -43 | R78: -100 | S78: 79 | T78: 2143 | W78: 4166 | X78: 8 | AA78: 1.9440037
A79: 11 | B79: 6 | C79: Bent County | D79: 2022 | E79: 5400 | F79: 4105 | G79: 1295 | I79: 2171 | M79: 1.8908337 | N79: =E79/_xlfn.XLOOKUP(C79,Lookups!$A$2:$A$66,Lookups!$C$2:$C$66) -> 3.5040589 | O79: 5400 | P79: 41 | Q79: -45 | R79: 111 | S79: 86 | T79: 2171 | W79: 4105 | X79: 29 | AA79: 1.8908337
A80: 13 | B80: 3 | C80: Boulder County | D80: 2010 | E80: 295605 | F80: 286209 | G80: 9396 | H80: 2.39 | I80: 127213 | J80: 119568 | K80: 7645 | L80: 6.01 | M80: 2.2498408 | N80: =E80/_xlfn.XLOOKUP(C80,Lookups!$A$2:$A$66,Lookups!$C$2:$C$66) -> 399.20727
A81: 13 | B81: 3 | C81: Boulder County | D81: 2011 | E81: 300526 | F81: 290383 | G81: 10143 | H81: 2.39 | I81: 127865 | J81: 121382 | K81: 6483 | L81: 5.07 | M81: 2.2710124 | N81: =E81/_xlfn.XLOOKUP(C81,Lookups!$A$2:$A$66,Lookups!$C$2:$C$66) -> 405.85296
A82: 13 | B82: 3 | C82: Boulder County | D82: 2012 | E82: 305881 | F82: 294996 | G82: 10885 | H82: 2.39 | I82: 128405 | J82: 123381 | K82: 5024 | L82: 3.91 | M82: 2.2973872 | N82: =E82/_xlfn.XLOOKUP(C82,Lookups!$A$2:$A$66,Lookups!$C$2:$C$66) -> 413.08476
A83: 13 | B83: 3 | C83: Boulder County | D83: 2013 | E83: 310896 | F83: 299300 | G83: 11596 | H83: 2.39 | I83: 129616 | J83: 125254 | K83: 4362 | L83: 3.37 | M83: 2.3091285 | N83: =E83/_xlfn.XLOOKUP(C83,Lookups!$A$2:$A$66,Lookups!$C$2:$C$66) -> 419.85739
A84: 13 | B84: 3 | C84: Boulder County | D84: 2014 | E84: 314213 | F84: 301907 | G84: 12306 | H84: 2.39 | I84: 131002 | J84: 126418 | K84: 4584 | L84: 3.5 | M84: 2.3045984 | N84: =E84/_xlfn.XLOOKUP(C84,Lookups!$A$2:$A$66,Lookups!$C$2:$C$66) -> 424.33692
A85: 13 | B85: 3 | C85: Boulder County | D85: 2015 | E85: 320352 | F85: 307247 | G85: 13105 | H85: 2.39 | I85: 132127 | J85: 128728 | K85: 3399 | L85: 2.57 | M85: 2.3253915 | N85: =E85/_xlfn.XLOOKUP(C85,Lookups!$A$2:$A$66,Lookups!$C$2:$C$66) -> 432.62748
A86: 13 | B86: 3 | C86: Boulder County | D86: 2016 | E86: 323957 | F86: 310498 | G86: 13459 | H86: 2.39 | I86: 133334 | J86: 130165 | K86: 3169 | L86: 2.38 | M86: 2.3287234 | N86: =E86/_xlfn.XLOOKUP(C86,Lookups!$A$2:$A$66,Lookups!$C$2:$C$66) -> 437.49595
A87: 13 | B87: 3 | C87: Boulder County | D87: 2017 | E87: 325414 | F87: 311468 | G87: 13946 | H87: 2.38 | I87: 135024 | J87: 130647 | K87: 4377 | L87: 3.24 | M87: 2.3067603 | N87: =E87/_xlfn.XLOOKUP(C87,Lookups!$A$2:$A$66,Lookups!$C$2:$C$66) -> 439.46359
A88: 13 | B88: 3 | C88: Boulder County | D88: 2018 | E88: 328055 | F88: 313643 | G88: 14412 | H88: 2.38 | I88: 136410 | J88: 131636 | K88: 4774 | L88: 3.5 | M88: 2.2992669 | N88: =E88/_xlfn.XLOOKUP(C88,Lookups!$A$2:$A$66,Lookups!$C$2:$C$66) -> 443.0302
A89: 13 | B89: 3 | C89: Boulder County | D89: 2019 | E89: 328827 | F89: 314030 | G89: 14797 | H89: 2.38 | I89: 139591 | J89: 131875 | K89: 7716 | L89: 5.53 | M89: 2.2496436 | N89: =E89/_xlfn.XLOOKUP(C89,Lookups!$A$2:$A$66,Lookups!$C$2:$C$66) -> 444.07276
A90: 13 | B90: 3 | C90: Boulder County | D90: 2020 | E90: 330923 | F90: 315633 | G90: 15290 | I90: 141291 | M90: 2.2339215 | N90: =E90/_xlfn.XLOOKUP(C90,Lookups!$A$2:$A$66,Lookups!$C$2:$C$66) -> 446.90336 | O90: 330923 | P90: 2507 | Q90: 467 | R90: 1629 | S90: 2040 | T90: 141291 | W90: 315633 | X90: 1634 | AA90: 2.2339215
A91: 13 | B91: 3 | C91: Boulder County | D91: 2021 | E91: 327080 | F91: 315126 | G91: 11954 | I91: 143362 | M91: 2.1981139 | N91: =E91/_xlfn.XLOOKUP(C91,Lookups!$A$2:$A$66,Lookups!$C$2:$C$66) -> 441.71348 | O91: 327080 | P91: 2472 | Q91: 343 | R91: -4186 | S91: 2129 | T91: 143362 | W91: 315126 | X91: 1237 | AA91: 2.1981139
A92: 13 | B92: 3 | C92: Boulder County | D92: 2022 | E92: 327424 | F92: 313031 | G92: 14393 | I92: 144094 | M92: 2.1724083 | N92: =E92/_xlfn.XLOOKUP(C92,Lookups!$A$2:$A$66,Lookups!$C$2:$C$66) -> 442.17805 | O92: 327424 | P92: 2420 | Q92: 220 | R92: 124 | S92: 2200 | T92: 144094 | W92: 313031 | X92: 1642 | AA92: 2.1724083
A93: 14 | B93: 3 | C93: Broomfield County | D93: 2010 | E93: 56107 | F93: 55825 | G93: 282 | H93: 2.6 | I93: 22685 | J93: 21498 | K93: 1187 | L93: 5.23 | M93: 2.4608772 | N93: =E93/_xlfn.XLOOKUP(C93,Lookups!$A$2:$A$66,Lookups!$C$2:$C$66) -> 1671.3435
A94: 14 | B94: 3 | C94: Broomfield County | D94: 2011 | E94: 57584 | F94: 57307 | G94: 277 | H94: 2.59 | I94: 23056 | J94: 22168 | K94: 888 | L94: 3.85 | M94: 2.4855569 | N94: =E94/_xlfn.XLOOKUP(C94,Lookups!$A$2:$A$66,Lookups!$C$2:$C$66) -> 1715.3411
A95: 14 | B95: 3 | C95: Broomfield County | D95: 2012 | E95: 59271 | F95: 59001 | G95: 270 | H95: 2.57 | I95: 23426 | J95: 22927 | K95: 499 | L95: 2.13 | M95: 2.5186118 | N95: =E95/_xlfn.XLOOKUP(C95,Lookups!$A$2:$A$66,Lookups!$C$2:$C$66) -> 1765.5943
A96: 14 | B96: 3 | C96: Broomfield County | D96: 2013 | E96: 60669 | F96: 60404 | G96: 265 | H96: 2.56 | I96: 25541 | J96: 23579 | K96: 1962 | L96: 7.68 | M96: 2.3649818 | N96: =E96/_xlfn.XLOOKUP(C96,Lookups!$A$2:$A$66,Lookups!$C$2:$C$66) -> 1807.2386
A97: 14 | B97: 3 | C97: Broomfield County | D97: 2014 | E97: 62504 | F97: 62245 | G97: 259 | H97: 2.55 | I97: 26564 | J97: 24409 | K97: 2155 | L97: 8.11 | M97: 2.3432089 | N97: =E97/_xlfn.XLOOKUP(C97,Lookups!$A$2:$A$66,Lookups!$C$2:$C$66) -> 1861.9005
A98: 14 | B98: 3 | C98: Broomfield County | D98: 2015 | E98: 65831 | F98: 65577 | G98: 254 | H98: 2.54 | I98: 27750 | J98: 25834 | K98: 1916 | L98: 6.9 | M98: 2.3631351 | N98: =E98/_xlfn.XLOOKUP(C98,Lookups!$A$2:$A$66,Lookups!$C$2:$C$66) -> 1961.0069
A99: 14 | B99: 3 | C99: Broomfield County | D99: 2016 | E99: 67707 | F99: 67459 | G99: 248 | H99: 2.53 | I99: 28585 | J99: 26698 | K99: 1887 | L99: 6.6 | M99: 2.359944 | N99: =E99/_xlfn.XLOOKUP(C99,Lookups!$A$2:$A$66,Lookups!$C$2:$C$66) -> 2016.8901
A100: 14 | B100: 3 | C100: Broomfield County | D100: 2017 | E100: 69655 | F100: 69413 | G100: 242 | H100: 2.52 | I100: 29498 | J100: 27598 | K100: 1900 | L100: 6.44 | M100: 2.3531426 | N100: =E100/_xlfn.XLOOKUP(C100,Lookups!$A$2:$A$66,Lookups!$C$2:$C$66) -> 2074.9181
...

Sheet COUNTY_PIVOT
B3: Column Labels | AG3: Change in Population Density (% change year-on-year, 2010 baseline) | AW3: Change in Population Density (3-year rolling avg, 2010 baseline)
A4: Row Labels | B4: 2010 | C4: 2011 | D4: 2012 | E4: 2013 | F4: 2014 | G4: 2015 | H4: 2016 | I4: 2017 | J4: 2018 | K4: 2019 | L4: 2020 | M4: 2021 | N4: 2022 | O4: Grand Total | AD4: 2021 | AE4: 2022 | AG4: Row Labels | AH4: 2010 | AI4: 2011 | AJ4: 2012 | AK4: 2013 | AL4: 2014 | AM4: 2015 | AN4: 2016 | AO4: 2017 | AP4: 2018 | AQ4: 2019 | AR4: 2020 | AS4: 2021 | AT4: 2022 | AW4: Row Labels | AX4: CY 10-12 | AY4: CY 11-13 | AZ4: CY 12-14 | BA4: CY 13-15 | BB4: CY 14-16 | BC4: CY 15-17 | BD4: CY 16-18 | BE4: CY 17-19 | BF4: CY 18-20 | BG4: CY 19-21 | BH4: CY 20-22
A5: Adams County | AD5: 442.71456 | AE5: 446.16888 | AG5: Adams County | AH5: =0 -> 0 | AI5: =(T5-S5)/T5 -> #DIV/0! | AJ5: =(U5-T5)/U5 -> #DIV/0! | AK5: =(V5-U5)/V5 -> #DIV/0! | AL5: =(W5-V5)/W5 -> #DIV/0! | AM5: =(X5-W5)/X5 -> #DIV/0! | AN5: =(Y5-X5)/Y5 -> #DIV/0! | AO5: =(Z5-Y5)/Z5 -> #DIV/0! | AP5: =(AA5-Z5)/AA5 -> #DIV/0! | ... AT5: =(AE5-AD5)/AE5 -> 0.0077421654 | AW5: Adams County | AX5: =AVERAGE(AH5:AJ5) -> #DIV/0! | AY5: =AVERAGE(AI5:AK5) -> #DIV/0! | AZ5: =AVERAGE(AJ5:AL5) -> #DIV/0! | BA5: =AVERAGE(AK5:AM5) -> #DIV/0! | BB5: =AVERAGE(AL5:AN5) -> #DIV/0! | BC5: =AVERAGE(AM5:AO5) -> #DIV/0! | BD5: =AVERAGE(AN5:AP5) -> #DIV/0! | BE5: =AVERAGE(AO5:AQ5) -> #DIV/0! | ... BH5: =AVERAGE(AR5:AT5) -> #DIV/0!
A6: Alamosa County | AD6: 22.917272 | AE6: 22.918654 | AG6: Alamosa County | AH6: =0 -> 0 | AI6: =(T6-S6)/T6 -> #DIV/0! | AJ6: =(U6-T6)/U6 -> #DIV/0! | AK6: =(V6-U6)/V6 -> #DIV/0! | AL6: =(W6-V6)/W6 -> #DIV/0! | AM6: =(X6-W6)/X6 -> #DIV/0! | AN6: =(Y6-X6)/Y6 -> #DIV/0! | AO6: =(Z6-Y6)/Z6 -> #DIV/0! | AP6: =(AA6-Z6)/AA6 -> #DIV/0! | ... AT6: =(AE6-AD6)/AE6 -> 6.0331825e-05 | AW6: Alamosa County | AX6: =AVERAGE(AH6:AJ6) -> #DIV/0! | AY6: =AVERAGE(AI6:AK6) -> #DIV/0! | AZ6: =AVERAGE(AJ6:AL6) -> #DIV/0! | BA6: =AVERAGE(AK6:AM6) -> #DIV/0! | BB6: =AVERAGE(AL6:AN6) -> #DIV/0! | BC6: =AVERAGE(AM6:AO6) -> #DIV/0! | BD6: =AVERAGE(AN6:AP6) -> #DIV/0! | BE6: =AVERAGE(AO6:AQ6) -> #DIV/0! | ... BH6: =AVERAGE(AR6:AT6) -> #DIV/0!
A7: Arapahoe County | AD7: 816.40208 | AE7: 815.52318 | AG7: Arapahoe County | AH7: =0 -> 0 | AI7: =(T7-S7)/T7 -> #DIV/0! | AJ7: =(U7-T7)/U7 -> #DIV/0! | AK7: =(V7-U7)/V7 -> #DIV/0! | AL7: =(W7-V7)/W7 -> #DIV/0! | AM7: =(X7-W7)/X7 -> #DIV/0! | AN7: =(Y7-X7)/Y7 -> #DIV/0! | AO7: =(Z7-Y7)/Z7 -> #DIV/0! | AP7: =(AA7-Z7)/AA7 -> #DIV/0! | ... AT7: =(AE7-AD7)/AE7 -> -0.0010777193 | AW7: Arapahoe County | AX7: =AVERAGE(AH7:AJ7) -> #DIV/0! | AY7: =AVERAGE(AI7:AK7) -> #DIV/0! | AZ7: =AVERAGE(AJ7:AL7) -> #DIV/0! | BA7: =AVERAGE(AK7:AM7) -> #DIV/0! | BB7: =AVERAGE(AL7:AN7) -> #DIV/0! | BC7: =AVERAGE(AM7:AO7) -> #DIV/0! | BD7: =AVERAGE(AN7:AP7) -> #DIV/0! | BE7: =AVERAGE(AO7:AQ7) -> #DIV/0! | ... BH7: =AVERAGE(AR7:AT7) -> #DIV/0!
A8: Archuleta County | AD8: 10.196895 | AE8: 10.325353 | AG8: Archuleta County | AH8: =0 -> 0 | AI8: =(T8-S8)/T8 -> #DIV/0! | AJ8: =(U8-T8)/U8 -> #DIV/0! | AK8: =(V8-U8)/V8 -> #DIV/0! | AL8: =(W8-V8)/W8 -> #DIV/0! | AM8: =(X8-W8)/X8 -> #DIV/0! | AN8: =(Y8-X8)/Y8 -> #DIV/0! | AO8: =(Z8-Y8)/Z8 -> #DIV/0! | AP8: =(AA8-Z8)/AA8 -> #DIV/0! | ... AT8: =(AE8-AD8)/AE8 -> 0.012441012 | AW8: Archuleta County | AX8: =AVERAGE(AH8:AJ8) -> #DIV/0! | AY8: =AVERAGE(AI8:AK8) -> #DIV/0! | AZ8: =AVERAGE(AJ8:AL8) -> #DIV/0! | BA8: =AVERAGE(AK8:AM8) -> #DIV/0! | BB8: =AVERAGE(AL8:AN8) -> #DIV/0! | BC8: =AVERAGE(AM8:AO8) -> #DIV/0! | BD8: =AVERAGE(AN8:AP8) -> #DIV/0! | BE8: =AVERAGE(AO8:AQ8) -> #DIV/0! | ... BH8: =AVERAGE(AR8:AT8) -> #DIV/0!
A9: Baca County | AD9: 1.364482 | AE9: 1.3410306 | AG9: Baca County | AH9: =0 -> 0 | AI9: =(T9-S9)/T9 -> #DIV/0! | AJ9: =(U9-T9)/U9 -> #DIV/0! | AK9: =(V9-U9)/V9 -> #DIV/0! | AL9: =(W9-V9)/W9 -> #DIV/0! | AM9: =(X9-W9)/X9 -> #DIV/0! | AN9: =(Y9-X9)/Y9 -> #DIV/0! | AO9: =(Z9-Y9)/Z9 -> #DIV/0! | AP9: =(AA9-Z9)/AA9 -> #DIV/0! | ... AT9: =(AE9-AD9)/AE9 -> -0.017487613 | AW9: Baca County | AX9: =AVERAGE(AH9:AJ9) -> #DIV/0! | AY9: =AVERAGE(AI9:AK9) -> #DIV/0! | AZ9: =AVERAGE(AJ9:AL9) -> #DIV/0! | BA9: =AVERAGE(AK9:AM9) -> #DIV/0! | BB9: =AVERAGE(AL9:AN9) -> #DIV/0! | BC9: =AVERAGE(AM9:AO9) -> #DIV/0! | BD9: =AVERAGE(AN9:AP9) -> #DIV/0! | BE9: =AVERAGE(AO9:AQ9) -> #DIV/0! | ... BH9: =AVERAGE(AR9:AT9) -> #DIV/0!
A10: Bent County | AD10: 3.4612315 | AE10: 3.5040589 | AG10: Bent County | AH10: =0 -> 0 | AI10: =(T10-S10)/T10 -> #DIV/0! | AJ10: =(U10-T10)/U10 -> #DIV/0! | AK10: =(V10-U10)/V10 -> #DIV/0! | AL10: =(W10-V10)/W10 -> #DIV/0! | AM10: =(X10-W10)/X10 -> #DIV/0! | AN10: =(Y10-X10)/Y10 -> #DIV/0! | AO10: =(Z10-Y10)/Z10 -> #DIV/0! | AP10: =(AA10-Z10)/AA10 -> #DIV/0! | ... AT10: =(AE10-AD10)/AE10 -> 0.012222222 | AW10: Bent County | AX10: =AVERAGE(AH10:AJ10) -> #DIV/0! | AY10: =AVERAGE(AI10:AK10) -> #DIV/0! | AZ10: =AVERAGE(AJ10:AL10) -> #DIV/0! | BA10: =AVERAGE(AK10:AM10) -> #DIV/0! | BB10: =AVERAGE(AL10:AN10) -> #DIV/0! | BC10: =AVERAGE(AM10:AO10) -> #DIV/0! | BD10: =AVERAGE(AN10:AP10) -> #DIV/0! | BE10: =AVERAGE(AO10:AQ10) -> #DIV/0! | ... BH10: =AVERAGE(AR10:AT10) -> #DIV/0!
A11: Boulder County | AD11: 441.71348 | AE11: 442.17805 | AG11: Boulder County | AH11: =0 -> 0 | AI11: =(T11-S11)/T11 -> #DIV/0! | AJ11: =(U11-T11)/U11 -> #DIV/0! | AK11: =(V11-U11)/V11 -> #DIV/0! | AL11: =(W11-V11)/W11 -> #DIV/0! | AM11: =(X11-W11)/X11 -> #DIV/0! | AN11: =(Y11-X11)/Y11 -> #DIV/0! | AO11: =(Z11-Y11)/Z11 -> #DIV/0! | AP11: =(AA11-Z11)/AA11 -> #DIV/0! | ... AT11: =(AE11-AD11)/AE11 -> 0.0010506255 | AW11: Boulder County | AX11: =AVERAGE(AH11:AJ11) -> #DIV/0! | AY11: =AVERAGE(AI11:AK11) -> #DIV/0! | AZ11: =AVERAGE(AJ11:AL11) -> #DIV/0! | BA11: =AVERAGE(AK11:AM11) -> #DIV/0! | BB11: =AVERAGE(AL11:AN11) -> #DIV/0! | BC11: =AVERAGE(AM11:AO11) -> #DIV/0! | BD11: =AVERAGE(AN11:AP11) -> #DIV/0! | BE11: =AVERAGE(AO11:AQ11) -> #DIV/0! | ... BH11: =AVERAGE(AR11:AT11) -> #DIV/0!
A12: Broomfield County | AD12: 2246.4999 | AE12: 2268.5433 | AG12: Broomfield County | AH12: =0 -> 0 | AI12: =(T12-S12)/T12 -> #DIV/0! | AJ12: =(U12-T12)/U12 -> #DIV/0! | AK12: =(V12-U12)/V12 -> #DIV/0! | AL12: =(W12-V12)/W12 -> #DIV/0! | AM12: =(X12-W12)/X12 -> #DIV/0! | AN12: =(Y12-X12)/Y12 -> #DIV/0! | AO12: =(Z12-Y12)/Z12 -> #DIV/0! | AP12: =(AA12-Z12)/AA12 -> #DIV/0! | ... AT12: =(AE12-AD12)/AE12 -> 0.0097170245 | AW12: Broomfield County | AX12: =AVERAGE(AH12:AJ12) -> #DIV/0! | AY12: =AVERAGE(AI12:AK12) -> #DIV/0! | AZ12: =AVERAGE(AJ12:AL12) -> #DIV/0! | BA12: =AVERAGE(AK12:AM12) -> #DIV/0! | BB12: =AVERAGE(AL12:AN12) -> #DIV/0! | BC12: =AVERAGE(AM12:AO12) -> #DIV/0! | BD12: =AVERAGE(AN12:AP12) -> #DIV/0! | BE12: =AVERAGE(AO12:AQ12) -> #DIV/0! | ... BH12: =AVERAGE(AR12:AT12) -> #DIV/0!
A13: Chaffee County | AD13: 19.462194 | AE13: 19.978898 | AG13: Chaffee County | AH13: =0 -> 0 | AI13: =(T13-S13)/T13 -> #DIV/0! | AJ13: =(U13-T13)/U13 -> #DIV/0! | AK13: =(V13-U13)/V13 -> #DIV/0! | AL13: =(W13-V13)/W13 -> #DIV/0! | AM13: =(X13-W13)/X13 -> #DIV/0! | AN13: =(Y13-X13)/Y13 -> #DIV/0! | AO13: =(Z13-Y13)/Z13 -> #DIV/0! | AP13: =(AA13-Z13)/AA13 -> #DIV/0! | ... AT13: =(AE13-AD13)/AE13 -> 0.025862494 | AW13: Chaffee County | AX13: =AVERAGE(AH13:AJ13) -> #DIV/0! | AY13: =AVERAGE(AI13:AK13) -> #DIV/0! | AZ13: =AVERAGE(AJ13:AL13) -> #DIV/0! | BA13: =AVERAGE(AK13:AM13) -> #DIV/0! | BB13: =AVERAGE(AL13:AN13) -> #DIV/0! | BC13: =AVERAGE(AM13:AO13) -> #DIV/0! | BD13: =AVERAGE(AN13:AP13) -> #DIV/0! | BE13: =AVERAGE(AO13:AQ13) -> #DIV/0! | ... BH13: =AVERAGE(AR13:AT13) -> #DIV/0!
A14: Cheyenne County | AD14: 0.963017 | AE14: 0.9663842 | AG14: Cheyenne County | AH14: =0 -> 0 | AI14: =(T14-S14)/T14 -> #DIV/0! | AJ14: =(U14-T14)/U14 -> #DIV/0! | AK14: =(V14-U14)/V14 -> #DIV/0! | AL14: =(W14-V14)/W14 -> #DIV/0! | AM14: =(X14-W14)/X14 -> #DIV/0! | AN14: =(Y14-X14)/Y14 -> #DIV/0! | AO14: =(Z14-Y14)/Z14 -> #DIV/0! | AP14: =(AA14-Z14)/AA14 -> #DIV/0! | ... AT14: =(AE14-AD14)/AE14 -> 0.0034843206 | AW14: Cheyenne County | AX14: =AVERAGE(AH14:AJ14) -> #DIV/0! | AY14: =AVERAGE(AI14:AK14) -> #DIV/0! | AZ14: =AVERAGE(AJ14:AL14) -> #DIV/0! | BA14: =AVERAGE(AK14:AM14) -> #DIV/0! | BB14: =AVERAGE(AL14:AN14) -> #DIV/0! | BC14: =AVERAGE(AM14:AO14) -> #DIV/0! | BD14: =AVERAGE(AN14:AP14) -> #DIV/0! | BE14: =AVERAGE(AO14:AQ14) -> #DIV/0! | ... BH14: =AVERAGE(AR14:AT14) -> #DIV/0!
A15: Clear Creek County | AD15: 23.849393 | AE15: 23.619903 | AG15: Clear Creek County | AH15: =0 -> 0 | AI15: =(T15-S15)/T15 -> #DIV/0! | AJ15: =(U15-T15)/U15 -> #DIV/0! | AK15: =(V15-U15)/V15 -> #DIV/0! | AL15: =(W15-V15)/W15 -> #DIV/0! | AM15: =(X15-W15)/X15 -> #DIV/0! | AN15: =(Y15-X15)/Y15 -> #DIV/0! | AO15: =(Z15-Y15)/Z15 -> #DIV/0! | AP15: =(AA15-Z15)/AA15 -> #DIV/0! | ... AT15: =(AE15-AD15)/AE15 -> -0.009715994 | AW15: Clear Creek County | AX15: =AVERAGE(AH15:AJ15) -> #DIV/0! | AY15: =AVERAGE(AI15:AK15) -> #DIV/0! | AZ15: =AVERAGE(AJ15:AL15) -> #DIV/0! | BA15: =AVERAGE(AK15:AM15) -> #DIV/0! | BB15: =AVERAGE(AL15:AN15) -> #DIV/0! | BC15: =AVERAGE(AM15:AO15) -> #DIV/0! | BD15: =AVERAGE(AN15:AP15) -> #DIV/0! | BE15: =AVERAGE(AO15:AQ15) -> #DIV/0! | ... BH15: =AVERAGE(AR15:AT15) -> #DIV/0!
A16: Colorado State | AD16: 55.823737 | AE16: 56.089933 | AG16: Colorado State | AI16: =(T16-S16)/T16 -> #DIV/0! | AJ16: =(U16-T16)/U16 -> #DIV/0! | AK16: =(V16-U16)/V16 -> #DIV/0! | AL16: =(W16-V16)/W16 -> #DIV/0! | AM16: =(X16-W16)/X16 -> #DIV/0! | AN16: =(Y16-X16)/Y16 -> #DIV/0! | AO16: =(Z16-Y16)/Z16 -> #DIV/0! | AP16: =(AA16-Z16)/AA16 -> #DIV/0! | ... AT16: =(AE16-AD16)/AE16 -> 0.0047458902 | AW16: Colorado State | AX16: =AVERAGE(AH16:AJ16) -> #DIV/0! | AY16: =AVERAGE(AI16:AK16) -> #DIV/0! | AZ16: =AVERAGE(AJ16:AL16) -> #DIV/0! | BA16: =AVERAGE(AK16:AM16) -> #DIV/0! | BB16: =AVERAGE(AL16:AN16) -> #DIV/0! | BC16: =AVERAGE(AM16:AO16) -> #DIV/0! | BD16: =AVERAGE(AN16:AP16) -> #DIV/0! | BE16: =AVERAGE(AO16:AQ16) -> #DIV/0! | ... BH16: =AVERAGE(AR16:AT16) -> #DIV/0!
A17: Conejos County | AD17: 5.8796174 | AE17: 5.8687666 | AG17: Conejos County | AH17: =0 -> 0 | AI17: =(T17-S17)/T17 -> #DIV/0! | AJ17: =(U17-T17)/U17 -> #DIV/0! | AK17: =(V17-U17)/V17 -> #DIV/0! | AL17: =(W17-V17)/W17 -> #DIV/0! | AM17: =(X17-W17)/X17 -> #DIV/0! | AN17: =(Y17-X17)/Y17 -> #DIV/0! | AO17: =(Z17-Y17)/Z17 -> #DIV/0! | AP17: =(AA17-Z17)/AA17 -> #DIV/0! | ... AT17: =(AE17-AD17)/AE17 -> -0.0018489171 | AW17: Conejos County | AX17: =AVERAGE(AH17:AJ17) -> #DIV/0! | AY17: =AVERAGE(AI17:AK17) -> #DIV/0! | AZ17: =AVERAGE(AJ17:AL17) -> #DIV/0! | BA17: =AVERAGE(AK17:AM17) -> #DIV/0! | BB17: =AVERAGE(AL17:AN17) -> #DIV/0! | BC17: =AVERAGE(AM17:AO17) -> #DIV/0! | BD17: =AVERAGE(AN17:AP17) -> #DIV/0! | BE17: =AVERAGE(AO17:AQ17) -> #DIV/0! | ... BH17: =AVERAGE(AR17:AT17) -> #DIV/0!
A18: Costilla County | AD18: 2.9421334 | AE18: 2.9396932 | AG18: Costilla County | AH18: =0 -> 0 | AI18: =(T18-S18)/T18 -> #DIV/0! | AJ18: =(U18-T18)/U18 -> #DIV/0! | AK18: =(V18-U18)/V18 -> #DIV/0! | AL18: =(W18-V18)/W18 -> #DIV/0! | AM18: =(X18-W18)/X18 -> #DIV/0! | AN18: =(Y18-X18)/Y18 -> #DIV/0! | AO18: =(Z18-Y18)/Z18 -> #DIV/0! | AP18: =(AA18-Z18)/AA18 -> #DIV/0! | ... AT18: =(AE18-AD18)/AE18 -> -0.00083010515 | AW18: Costilla County | AX18: =AVERAGE(AH18:AJ18) -> #DIV/0! | AY18: =AVERAGE(AI18:AK18) -> #DIV/0! | AZ18: =AVERAGE(AJ18:AL18) -> #DIV/0! | BA18: =AVERAGE(AK18:AM18) -> #DIV/0! | BB18: =AVERAGE(AL18:AN18) -> #DIV/0! | BC18: =AVERAGE(AM18:AO18) -> #DIV/0! | BD18: =AVERAGE(AN18:AP18) -> #DIV/0! | BE18: =AVERAGE(AO18:AQ18) -> #DIV/0! | ... BH18: =AVERAGE(AR18:AT18) -> #DIV/0!
A19: Crowley County | AD19: 7.1775776 | AE19: 7.0226299 | AG19: Crowley County | AH19: =0 -> 0 | AI19: =(T19-S19)/T19 -> #DIV/0! | AJ19: =(U19-T19)/U19 -> #DIV/0! | AK19: =(V19-U19)/V19 -> #DIV/0! | AL19: =(W19-V19)/W19 -> #DIV/0! | AM19: =(X19-W19)/X19 -> #DIV/0! | AN19: =(Y19-X19)/Y19 -> #DIV/0! | AO19: =(Z19-Y19)/Z19 -> #DIV/0! | AP19: =(AA19-Z19)/AA19 -> #DIV/0! | ... AT19: =(AE19-AD19)/AE19 -> -0.022064057 | AW19: Crowley County | AX19: =AVERAGE(AH19:AJ19) -> #DIV/0! | AY19: =AVERAGE(AI19:AK19) -> #DIV/0! | AZ19: =AVERAGE(AJ19:AL19) -> #DIV/0! | BA19: =AVERAGE(AK19:AM19) -> #DIV/0! | BB19: =AVERAGE(AL19:AN19) -> #DIV/0! | BC19: =AVERAGE(AM19:AO19) -> #DIV/0! | BD19: =AVERAGE(AN19:AP19) -> #DIV/0! | BE19: =AVERAGE(AO19:AQ19) -> #DIV/0! | ... BH19: =AVERAGE(AR19:AT19) -> #DIV/0!
A20: Custer County | AD20: 6.8502787 | AE20: 7.2209296 | AG20: Custer County | AH20: =0 -> 0 | AI20: =(T20-S20)/T20 -> #DIV/0! | AJ20: =(U20-T20)/U20 -> #DIV/0! | AK20: =(V20-U20)/V20 -> #DIV/0! | AL20: =(W20-V20)/W20 -> #DIV/0! | AM20: =(X20-W20)/X20 -> #DIV/0! | AN20: =(Y20-X20)/Y20 -> #DIV/0! | AO20: =(Z20-Y20)/Z20 -> #DIV/0! | AP20: =(AA20-Z20)/AA20 -> #DIV/0! | ... AT20: =(AE20-AD20)/AE20 -> 0.051330086 | AW20: Custer County | AX20: =AVERAGE(AH20:AJ20) -> #DIV/0! | AY20: =AVERAGE(AI20:AK20) -> #DIV/0! | AZ20: =AVERAGE(AJ20:AL20) -> #DIV/0! | BA20: =AVERAGE(AK20:AM20) -> #DIV/0! | BB20: =AVERAGE(AL20:AN20) -> #DIV/0! | BC20: =AVERAGE(AM20:AO20) -> #DIV/0! | BD20: =AVERAGE(AN20:AP20) -> #DIV/0! | BE20: =AVERAGE(AO20:AQ20) -> #DIV/0! | ... BH20: =AVERAGE(AR20:AT20) -> #DIV/0!
A21: Delta County | AD21: 27.30547 | AE21: 27.475118 | AG21: Delta County | AH21: =0 -> 0 | AI21: =(T21-S21)/T21 -> #DIV/0! | AJ21: =(U21-T21)/U21 -> #DIV/0! | AK21: =(V21-U21)/V21 -> #DIV/0! | AL21: =(W21-V21)/W21 -> #DIV/0! | AM21: =(X21-W21)/X21 -> #DIV/0! | AN21: =(Y21-X21)/Y21 -> #DIV/0! | AO21: =(Z21-Y21)/Z21 -> #DIV/0! | AP21: =(AA21-Z21)/AA21 -> #DIV/0! | ... AT21: =(AE21-AD21)/AE21 -> 0.0061745987 | AW21: Delta County | AX21: =AVERAGE(AH21:AJ21) -> #DIV/0! | AY21: =AVERAGE(AI21:AK21) -> #DIV/0! | AZ21: =AVERAGE(AJ21:AL21) -> #DIV/0! | BA21: =AVERAGE(AK21:AM21) -> #DIV/0! | BB21: =AVERAGE(AL21:AN21) -> #DIV/0! | BC21: =AVERAGE(AM21:AO21) -> #DIV/0! | BD21: =AVERAGE(AN21:AP21) -> #DIV/0! | BE21: =AVERAGE(AO21:AQ21) -> #DIV/0! | ... BH21: =AVERAGE(AR21:AT21) -> #DIV/0!
A22: Denver County | AD22: 4570.0565 | AE22: 4578.1639 | AG22: Denver County | AH22: =0 -> 0 | AI22: =(T22-S22)/T22 -> #DIV/0! | AJ22: =(U22-T22)/U22 -> #DIV/0! | AK22: =(V22-U22)/V22 -> #DIV/0! | AL22: =(W22-V22)/W22 -> #DIV/0! | AM22: =(X22-W22)/X22 -> #DIV/0! | AN22: =(Y22-X22)/Y22 -> #DIV/0! | AO22: =(Z22-Y22)/Z22 -> #DIV/0! | AP22: =(AA22-Z22)/AA22 -> #DIV/0! | ... AT22: =(AE22-AD22)/AE22 -> 0.0017708876 | AW22: Denver County | AX22: =AVERAGE(AH22:AJ22) -> #DIV/0! | AY22: =AVERAGE(AI22:AK22) -> #DIV/0! | AZ22: =AVERAGE(AJ22:AL22) -> #DIV/0! | BA22: =AVERAGE(AK22:AM22) -> #DIV/0! | BB22: =AVERAGE(AL22:AN22) -> #DIV/0! | BC22: =AVERAGE(AM22:AO22) -> #DIV/0! | BD22: =AVERAGE(AN22:AP22) -> #DIV/0! | BE22: =AVERAGE(AO22:AQ22) -> #DIV/0! | ... BH22: =AVERAGE(AR22:AT22) -> #DIV/0!
A23: Dolores County | AD23: 1.9694873 | AE23: 2.0456297 | AG23: Dolores County | AH23: =0 -> 0 | AI23: =(T23-S23)/T23 -> #DIV/0! | AJ23: =(U23-T23)/U23 -> #DIV/0! | AK23: =(V23-U23)/V23 -> #DIV/0! | AL23: =(W23-V23)/W23 -> #DIV/0! | AM23: =(X23-W23)/X23 -> #DIV/0! | AN23: =(Y23-X23)/Y23 -> #DIV/0! | AO23: =(Z23-Y23)/Z23 -> #DIV/0! | AP23: =(AA23-Z23)/AA23 -> #DIV/0! | ... AT23: =(AE23-AD23)/AE23 -> 0.03722197 | AW23: Dolores County | AX23: =AVERAGE(AH23:AJ23) -> #DIV/0! | AY23: =AVERAGE(AI23:AK23) -> #DIV/0! | AZ23: =AVERAGE(AJ23:AL23) -> #DIV/0! | BA23: =AVERAGE(AK23:AM23) -> #DIV/0! | BB23: =AVERAGE(AL23:AN23) -> #DIV/0! | BC23: =AVERAGE(AM23:AO23) -> #DIV/0! | BD23: =AVERAGE(AN23:AP23) -> #DIV/0! | BE23: =AVERAGE(AO23:AQ23) -> #DIV/0! | ... BH23: =AVERAGE(AR23:AT23) -> #DIV/0!
A24: Douglas County | AD24: 438.98611 | AE24: 446.42764 | AG24: Douglas County | AH24: =0 -> 0 | AI24: =(T24-S24)/T24 -> #DIV/0! | AJ24: =(U24-T24)/U24 -> #DIV/0! | AK24: =(V24-U24)/V24 -> #DIV/0! | AL24: =(W24-V24)/W24 -> #DIV/0! | AM24: =(X24-W24)/X24 -> #DIV/0! | AN24: =(Y24-X24)/Y24 -> #DIV/0! | AO24: =(Z24-Y24)/Z24 -> #DIV/0! | AP24: =(AA24-Z24)/AA24 -> #DIV/0! | ... AT24: =(AE24-AD24)/AE24 -> 0.01666906 | AW24: Douglas County | AX24: =AVERAGE(AH24:AJ24) -> #DIV/0! | AY24: =AVERAGE(AI24:AK24) -> #DIV/0! | AZ24: =AVERAGE(AJ24:AL24) -> #DIV/0! | BA24: =AVERAGE(AK24:AM24) -> #DIV/0! | BB24: =AVERAGE(AL24:AN24) -> #DIV/0! | BC24: =AVERAGE(AM24:AO24) -> #DIV/0! | BD24: =AVERAGE(AN24:AP24) -> #DIV/0! | BE24: =AVERAGE(AO24:AQ24) -> #DIV/0! | ... BH24: =AVERAGE(AR24:AT24) -> #DIV/0!
A25: Eagle County | AD25: 32.800042 | AE25: 32.509584 | AG25: Eagle County | AH25: =0 -> 0 | AI25: =(T25-S25)/T25 -> #DIV/0! | AJ25: =(U25-T25)/U25 -> #DIV/0! | AK25: =(V25-U25)/V25 -> #DIV/0! | AL25: =(W25-V25)/W25 -> #DIV/0! | AM25: =(X25-W25)/X25 -> #DIV/0! | AN25: =(Y25-X25)/Y25 -> #DIV/0! | AO25: =(Z25-Y25)/Z25 -> #DIV/0! | AP25: =(AA25-Z25)/AA25 -> #DIV/0! | ... AT25: =(AE25-AD25)/AE25 -> -0.0089345463 | AW25: Eagle County | AX25: =AVERAGE(AH25:AJ25) -> #DIV/0! | AY25: =AVERAGE(AI25:AK25) -> #DIV/0! | AZ25: =AVERAGE(AJ25:AL25) -> #DIV/0! | BA25: =AVERAGE(AK25:AM25) -> #DIV/0! | BB25: =AVERAGE(AL25:AN25) -> #DIV/0! | BC25: =AVERAGE(AM25:AO25) -> #DIV/0! | BD25: =AVERAGE(AN25:AP25) -> #DIV/0! | BE25: =AVERAGE(AO25:AQ25) -> #DIV/0! | ... BH25: =AVERAGE(AR25:AT25) -> #DIV/0!
A26: El Paso County | AD26: 346.33186 | AE26: 347.90567 | AG26: El Paso County | AH26: =0 -> 0 | AI26: =(T26-S26)/T26 -> #DIV/0! | AJ26: =(U26-T26)/U26 -> #DIV/0! | AK26: =(V26-U26)/V26 -> #DIV/0! | AL26: =(W26-V26)/W26 -> #DIV/0! | AM26: =(X26-W26)/X26 -> #DIV/0! | AN26: =(Y26-X26)/Y26 -> #DIV/0! | AO26: =(Z26-Y26)/Z26 -> #DIV/0! | AP26: =(AA26-Z26)/AA26 -> #DIV/0! | ... AT26: =(AE26-AD26)/AE26 -> 0.0045236526 | AW26: El Paso County | AX26: =AVERAGE(AH26:AJ26) -> #DIV/0! | AY26: =AVERAGE(AI26:AK26) -> #DIV/0! | AZ26: =AVERAGE(AJ26:AL26) -> #DIV/0! | BA26: =AVERAGE(AK26:AM26) -> #DIV/0! | BB26: =AVERAGE(AL26:AN26) -> #DIV/0! | BC26: =AVERAGE(AM26:AO26) -> #DIV/0! | BD26: =AVERAGE(AN26:AP26) -> #DIV/0! | BE26: =AVERAGE(AO26:AQ26) -> #DIV/0! | ... BH26: =AVERAGE(AR26:AT26) -> #DIV/0!
A27: Elbert County | AD27: 14.679733 | AE27: 15.045861 | AG27: Elbert County | AH27: =0 -> 0 | AI27: =(T27-S27)/T27 -> #DIV/0! | AJ27: =(U27-T27)/U27 -> #DIV/0! | AK27: =(V27-U27)/V27 -> #DIV/0! | AL27: =(W27-V27)/W27 -> #DIV/0! | AM27: =(X27-W27)/X27 -> #DIV/0! | AN27: =(Y27-X27)/Y27 -> #DIV/0! | AO27: =(Z27-Y27)/Z27 -> #DIV/0! | AP27: =(AA27-Z27)/AA27 -> #DIV/0! | ... AT27: =(AE27-AD27)/AE27 -> 0.024334136 | AW27: Elbert County | AX27: =AVERAGE(AH27:AJ27) -> #DIV/0! | AY27: =AVERAGE(AI27:AK27) -> #DIV/0! | AZ27: =AVERAGE(AJ27:AL27) -> #DIV/0! | BA27: =AVERAGE(AK27:AM27) -> #DIV/0! | BB27: =AVERAGE(AL27:AN27) -> #DIV/0! | BC27: =AVERAGE(AM27:AO27) -> #DIV/0! | BD27: =AVERAGE(AN27:AP27) -> #DIV/0! | BE27: =AVERAGE(AO27:AQ27) -> #DIV/0! | ... BH27: =AVERAGE(AR27:AT27) -> #DIV/0!
A28: Fremont County | AD28: 32.124011 | AE28: 32.333392 | AG28: Fremont County | AH28: =0 -> 0 | AI28: =(T28-S28)/T28 -> #DIV/0! | AJ28: =(U28-T28)/U28 -> #DIV/0! | AK28: =(V28-U28)/V28 -> #DIV/0! | AL28: =(W28-V28)/W28 -> #DIV/0! | AM28: =(X28-W28)/X28 -> #DIV/0! | AN28: =(Y28-X28)/Y28 -> #DIV/0! | AO28: =(Z28-Y28)/Z28 -> #DIV/0! | AP28: =(AA28-Z28)/AA28 -> #DIV/0! | ... AT28: =(AE28-AD28)/AE28 -> 0.0064756909 | AW28: Fremont County | AX28: =AVERAGE(AH28:AJ28) -> #DIV/0! | AY28: =AVERAGE(AI28:AK28) -> #DIV/0! | AZ28: =AVERAGE(AJ28:AL28) -> #DIV/0! | BA28: =AVERAGE(AK28:AM28) -> #DIV/0! | BB28: =AVERAGE(AL28:AN28) -> #DIV/0! | BC28: =AVERAGE(AM28:AO28) -> #DIV/0! | BD28: =AVERAGE(AN28:AP28) -> #DIV/0! | BE28: =AVERAGE(AO28:AQ28) -> #DIV/0! | ... BH28: =AVERAGE(AR28:AT28) -> #DIV/0!
... A69: Yuma County | AD69: 4.191407 | AE69: 4.1863429 | AG69: Yuma County | AH69: =0 -> 0 | AI69: =(T69-S69)/T69 -> #DIV/0! | AJ69: =(U69-T69)/U69 -> #DIV/0! | AK69: =(V69-U69)/V69 -> #DIV/0! | AL69: =(W69-V69)/W69 -> #DIV/0! | AM69: =(X69-W69)/X69 -> #DIV/0! | AN69: =(Y69-X69)/Y69 -> #DIV/0! | AO69: =(Z69-Y69)/Z69 -> #DIV/0! | AP69: =(AA69-Z69)/AA69 -> #DIV/0! | ... AT69: =(AE69-AD69)/AE69 -> -0.0012096774 | AW69: Yuma County | AX69: =AVERAGE(AH69:AJ69) -> #DIV/0! | AY69: =AVERAGE(AI69:AK69) -> #DIV/0! | AZ69: =AVERAGE(AJ69:AL69) -> #DIV/0! | BA69: =AVERAGE(AK69:AM69) -> #DIV/0! | BB69: =AVERAGE(AL69:AN69) -> #DIV/0! | BC69: =AVERAGE(AM69:AO69) -> #DIV/0! | BD69: =AVERAGE(AN69:AP69) -> #DIV/0! | BE69: =AVERAGE(AO69:AQ69) -> #DIV/0! | ... BH69: =AVERAGE(AR69:AT69) -> #DIV/0!
A70: Grand Total | AG70: Grand Total | AH70: =SUM(AH5:AH69) -> 0 | AW70: Grand Total | AX70: =SUM(AX5:AX69) -> #DIV/0!
R72: Absolute Population | AG72: Change in Absolute Population (2010 baseline) | AW72: Change in Population (3-year rolling avg, 2010 baseline)
R73: Row Labels | S73: 2010 | T73: 2011 | U73: 2012 | V73: 2013 | W73: 2014 | X73: 2015 | Y73: 2016 | Z73: 2017 | AA73: 2018 | AB73: 2019 | AC73: 2020 | AD73: 2021 | AE73: 2022 | AG73: Row Labels | AH73: 2010 | AI73: 2011 | AJ73: 2012 | AK73: 2013 | AL73: 2014 | AM73: 2015 | AN73: 2016 | AO73: 2017 | AP73: 2018 | AQ73: 2019 | AR73: 2020 | AS73: 2021 | AT73: 2022 | AW73: Row Labels | AX73: CY 10-12 | AY73: CY 11-13 | AZ73: CY 12-14 | BA73: CY 13-15 | BB73: CY 14-16 | BC73: CY 15-17 | BD73: CY 16-18 | BE73: CY 17-19 | BF73: CY 18-20 | BG73: CY 19-21 | BH73: CY 20-22 | BI73: CY 20-22 - Std Devs | BJ73: >1% Dev | BK73: <- 1% Dev | BL73: Stratum | BQ73: Mean sq | BR73: Var | BS73: Std Dev
R74: Adams County | S74: 443711 | T74: 452181 | U74: 460468 | V74: 469878 | W74: 479901 | X74: 490351 | Y74: 497822 | Z74: 503706 | AA74: 511422 | AB74: 516482 | AC74: 520433 | AD74: 523417 | AE74: 527501 | AG74: Adams County | AH74: 0 | AI74: =(T74-S74)/S74 -> 0.019089002 | AJ74: =(U74-T74)/T74 -> 0.018326732 | AK74: =(V74-U74)/U74 -> 0.020435731 | AL74: =(W74-V74)/V74 -> 0.021331069 | AM74: =(X74-W74)/W74 -> 0.021775324 | AN74: =(Y74-X74)/X74 -> 0.015236025 | AO74: =(Z74-Y74)/Y74 -> 0.011819486 | AP74: =(AA74-Z74)/Z74 -> 0.01531846 | ... AT74: =(AE74-AD74)/AD74 -> 0.0078025742 | AW74: Adams County | AX74: =AVERAGE(AH74:AJ74) -> 0.012471911 | AY74: =AVERAGE(AI74:AK74) -> 0.019283821 | AZ74: =AVERAGE(AJ74:AL74) -> 0.020031177 | BA74: =AVERAGE(AK74:AM74) -> 0.021180708 | BB74: =AVERAGE(AL74:AN74) -> 0.019447473 | BC74: =AVERAGE(AM74:AO74) -> 0.016276945 | BD74: =AVERAGE(AN74:AP74) -> 0.014124657 | BE74: =AVERAGE(AO74:AQ74) -> 0.012343976 | ... BH74: =AVERAGE(AR74:AT74) -> 0.0070620308 | BI74: =(BH74-$BO$78)/$BO$79 -> 0.23425076 | BJ74: =IF(BI74>1,TRUE,FALSE) -> FALSE | BK74: =IF(BI74<-1,TRUE,FALSE) -> FALSE | BL74: =_xlfn.XLOOKUP(AW74,'County Population Strata'!$A$3:$A$66,'County Population Strata'!$P$3:$P$66) -> Medium | BQ74: =POWER(BH74-$BO$78,2) -> 1.0802725e-05 | BR74: =SUM(BQ74:BQ138)/COUNTA(BH74:BH138) -> 0.00019401293 | BS74: =SQRT(BR74) -> 0.013928852
R75: Alamosa County | S75: 15474 | T75: 15528 | U75: 15604 | V75: 15709 | W75: 15788 | X75: 15885 | Y75: 15936 | Z75: 16053 | AA75: 16184 | AB75: 16247 | AC75: 16371 | AD75: 16574 | AE75: 16575 | AG75: Alamosa County | AH75: 0 | AI75: =(T75-S75)/S75 -> 0.0034897247 | AJ75: =(U75-T75)/T75 -> 0.0048943843 | AK75: =(V75-U75)/U75 -> 0.0067290438 | AL75: =(W75-V75)/V75 -> 0.0050289643 | AM75: =(X75-W75)/W75 -> 0.0061439068 | AN75: =(Y75-X75)/X75 -> 0.003210576 | AO75: =(Z75-Y75)/Y75 -> 0.0073418675 | AP75: =(AA75-Z75)/Z75 -> 0.0081604684 | ... AT75: =(AE75-AD75)/AD75 -> 6.0335465e-05 | AW75: Alamosa County | AX75: =AVERAGE(AH75:AJ75) -> 0.002794703 | AY75: =AVERAGE(AI75:AK75) -> 0.0050377176 | AZ75: =AVERAGE(AJ75:AL75) -> 0.0055507975 | BA75: =AVERAGE(AK75:AM75) -> 0.005967305 | BB75: =AVERAGE(AL75:AN75) -> 0.0047944824 | BC75: =AVERAGE(AM75:AO75) -> 0.0055654501 | BD75: =AVERAGE(AN75:AP75) -> 0.0062376373 | BE75: =AVERAGE(AO75:AQ75) -> 0.0064650232 | ... BH75: =AVERAGE(AR75:AT75) -> 0.0066974964 | BI75: =(BH75-$BO$78)/$BO$79 -> 0.20826995 | BJ75: =IF(BI75>1,TRUE,FALSE) -> FALSE | BK75: =IF(BI75<-1,TRUE,FALSE) -> FALSE | BL75: =_xlfn.XLOOKUP(AW75,'County Population Strata'!$A$3:$A$66,'County Population Strata'!$P$3:$P$66) -> Tiny | BN75: Population | BO75: =COUNTA(BH74:BH138) -> 64 | BQ75: =POWER(BH75-$BO$78,2) -> 8.5393441e-06
R76: Arapahoe County | S76: 574819 | T76: 585817 | U76: 596228 | V76: 607861 | W76: 618310 | X76: 629965 | Y76: 637656 | Z76: 642976 | AA76: 650167 | AB76: 653804 | AC76: 655212 | AD76: 656722 | AE76: 656015 | AG76: Arapahoe County | AH76: 0 | AI76: =(T76-S76)/S76 -> 0.019132979 | AJ76: =(U76-T76)/T76 -> 0.017771761 | AK76: =(V76-U76)/U76 -> 0.019510992 | AL76: =(W76-V76)/V76 -> 0.017189785 | AM76: =(X76-W76)/W76 -> 0.018849768 | AN76: =(Y76-X76)/X76 -> 0.012208615 | AO76: =(Z76-Y76)/Y76 -> 0.0083430564 | AP76: =(AA76-Z76)/Z76 -> 0.011183932 | ... AT76: =(AE76-AD76)/AD76 -> -0.001076559 | AW76: Arapahoe County | AX76: =AVERAGE(AH76:AJ76) -> 0.01230158 | AY76: =AVERAGE(AI76:AK76) -> 0.018805244 | AZ76: =AVERAGE(AJ76:AL76) -> 0.018157513 | BA76: =AVERAGE(AK76:AM76) -> 0.018516849 | BB76: =AVERAGE(AL76:AN76) -> 0.016082723 | BC76: =AVERAGE(AM76:AO76) -> 0.013133813 | BD76: =AVERAGE(AN76:AP76) -> 0.010578534 | BE76: =AVERAGE(AO76:AQ76) -> 0.0083736454 | ... BH76: =AVERAGE(AR76:AT76) -> 0.0011271964 | BI76: =(BH76-$BO$78)/$BO$79 -> -0.18873227 | BJ76: =IF(BI76>1,TRUE,FALSE) -> FALSE | BK76: =IF(BI76<-1,TRUE,FALSE) -> FALSE | BL76: =_xlfn.XLOOKUP(AW76,'County Population Strata'!$A$3:$A$66,'County Population Strata'!$P$3:$P$66) -> Large | BN76: Variance | BO76: =BR74 -> 0.00019401293 | BQ76: =POWER(BH76-$BO$78,2) -> 7.0123511e-06
R77: Archuleta County | S77: 12060 | T77: 11955 | U77: 11990 | V77: 11995 | W77: 11931 | X77: 12009 | Y77: 12362 | Z77: 12758 | AA77: 13034 | AB77: 13194 | AC77: 13428 | AD77: 13812 | AE77: 13986 | AG77: Archuleta County | AH77: 0 | AI77: =(T77-S77)/S77 -> -0.0087064677 | AJ77: =(U77-T77)/T77 -> 0.0029276453 | AK77: =(V77-U77)/U77 -> 0.00041701418 | AL77: =(W77-V77)/V77 -> -0.0053355565 | AM77: =(X77-W77)/W77 -> 0.0065375911 | AN77: =(Y77-X77)/X77 -> 0.029394621 | AO77: =(Z77-Y77)/Y77 -> 0.032033652 | AP77: =(AA77-Z77)/Z77 -> 0.021633485 | ... AT77: =(AE77-AD77)/AD77 -> 0.012597741 | AW77: Archuleta County | AX77: =AVERAGE(AH77:AJ77) -> -0.0019262741 | AY77: =AVERAGE(AI77:AK77) -> -0.0017872694 | AZ77: =AVERAGE(AJ77:AL77) -> -0.00066363232 | BA77: =AVERAGE(AK77:AM77) -> 0.00053968295 | BB77: =AVERAGE(AL77:AN77) -> 0.010198885 | BC77: =AVERAGE(AM77:AO77) -> 0.022655288 | BD77: =AVERAGE(AN77:AP77) -> 0.027687252 | BE77: =AVERAGE(AO77:AQ77) -> 0.021980908 | ... BH77: =AVERAGE(AR77:AT77) -> 0.019643346 | BI77: =(BH77-$BO$78)/$BO$79 -> 1.1309367 | BJ77: =IF(BI77>1,TRUE,FALSE) -> TRUE | BK77: =IF(BI77<-1,TRUE,FALSE) -> FALSE | BL77: =_xlfn.XLOOKUP(AW77,'County Population Strata'!$A$3:$A$66,'County Population Strata'!$P$3:$P$66) -> Tiny | BN77: Manual Std. Dev | BO77: =BS74 -> 0.013928852 | BQ77: =POWER(BH77-$BO$78,2) -> 0.00025179548
R78: Baca County | S78: 3795 | T78: 3767 | U78: 3704 | V78: 3637 | W78: 3564 | X78: 3530 | Y78: 3505 | Z78: 3523 | AA78: 3550 | AB78: 3565 | AC78: 3478 | AD78: 3491 | AE78: 3431 | AG78: Baca County | AH78: 0 | AI78: =(T78-S78)/S78 -> -0.0073781291 | AJ78: =(U78-T78)/T78 -> -0.016724184 | AK78: =(V78-U78)/U78 -> -0.018088553 | AL78: =(W78-V78)/V78 -> -0.020071487 | AM78: =(X78-W78)/W78 -> -0.0095398429 | AN78: =(Y78-X78)/X78 -> -0.007082153 | AO78: =(Z78-Y78)/Y78 -> 0.0051355207 | AP78: =(AA78-Z78)/Z78 -> 0.0076639228 | ... AT78: =(AE78-AD78)/AD78 -> -0.017187052 | AW78: Baca County | AX78: =AVERAGE(AH78:AJ78) -> -0.0080341043 | AY78: =AVERAGE(AI78:AK78) -> -0.014063622 | AZ78: =AVERAGE(AJ78:AL78) -> -0.018294741 | BA78: =AVERAGE(AK78:AM78) -> -0.015899961 | BB78: =AVERAGE(AL78:AN78) -> -0.012231161 | BC78: =AVERAGE(AM78:AO78) -> -0.0038288251 | BD78: =AVERAGE(AN78:AP78) -> 0.0019057635 | BE78: =AVERAGE(AO78:AQ78) -> 0.0056749319 | ... BH78: =AVERAGE(AR78:AT78) -> -0.012617733 | BI78: =(BH78-$BO$78)/$BO$79 -> -1.1683505 | BJ78: =IF(BI78>1,TRUE,FALSE) -> FALSE | BK78: =IF(BI78<-1,TRUE,FALSE) -> TRUE | BL78: =_xlfn.XLOOKUP(AW78,'County Population Strata'!$A$3:$A$66,'County Population Strata'!$P$3:$P$66) -> Tiny | BN78: Mean | BO78: =AVERAGE(BH74:BH138) -> 0.0037752808 | BQ78: =POWER(BH78-$BO$78,2) -> 0.0002687309
R79: Bent County | S79: 6506 | T79: 6355 | U79: 5864 | V79: 5800 | W79: 5851 | X79: 5966 | Y79: 5753 | Z79: 5968 | AA79: 5984 | AB79: 5980 | AC79: 5477 | AD79: 5334 | AE79: 5400 | AG79: Bent County | AH79: 0 | AI79: =(T79-S79)/S79 -> -0.023209345 | AJ79: =(U79-T79)/T79 -> -0.077261998 | AK79: =(V79-U79)/U79 -> -0.010914052 | AL79: =(W79-V79)/V79 -> 0.0087931034 | AM79: =(X79-W79)/W79 -> 0.01965476 | AN79: =(Y79-X79)/X79 -> -0.035702313 | AO79: =(Z79-Y79)/Y79 -> 0.037371806 | AP79: =(AA79-Z79)/Z79 -> 0.0026809651 | ... AT79: =(AE79-AD79)/AD79 -> 0.012373453 | AW79: Bent County | AX79: =AVERAGE(AH79:AJ79) -> -0.033490448 | AY79: =AVERAGE(AI79:AK79) -> -0.037128465 | AZ79: =AVERAGE(AJ79:AL79) -> -0.026460982 | BA79: =AVERAGE(AK79:AM79) -> 0.0058446038 | BB79: =AVERAGE(AL79:AN79) -> -0.0024181499 | BC79: =AVERAGE(AM79:AO79) -> 0.0071080843 | BD79: =AVERAGE(AN79:AP79) -> 0.0014501527 | BE79: =AVERAGE(AO79:AQ79) -> 0.013128107 | ... BH79: =AVERAGE(AR79:AT79) -> -0.032616481 | BI79: =(BH79-$BO$78)/$BO$79 -> -2.5936862 | BJ79: =IF(BI79>1,TRUE,FALSE) -> FALSE | BK79: =IF(BI79<-1,TRUE,FALSE) -> TRUE | BL79: =_xlfn.XLOOKUP(AW79,'County Population Strata'!$A$3:$A$66,'County Population Strata'!$P$3:$P$66) -> Tiny | BN79: Excel Std Dev | BO79: =STDEV(BH74:BH138) -> 0.014030904 | BQ79: =POWER(BH79-$BO$78,2) -> 0.0013243603
R80: Boulder County | S80: 295605 | T80: 300526 | U80: 305881 | V80: 310896 | W80: 314213 | X80: 320352 | Y80: 323957 | Z80: 325414 | AA80: 328055 | AB80: 328827 | AC80: 330923 | AD80: 327080 | AE80: 327424 | AG80: Boulder County | AH80: 0 | AI80: =(T80-S80)/S80 -> 0.016647215 | AJ80: =(U80-T80)/T80 -> 0.017818758 | AK80: =(V80-U80)/U80 -> 0.016395265 | AL80: =(W80-V80)/V80 -> 0.010669163 | AM80: =(X80-W80)/W80 -> 0.019537702 | AN80: =(Y80-X80)/X80 -> 0.011253246 | AO80: =(Z80-Y80)/Y80 -> 0.0044975105 | AP80: =(AA80-Z80)/Z80 -> 0.0081158155 | ... AT80: =(AE80-AD80)/AD80 -> 0.0010517305 | AW80: Boulder County | AX80: =AVERAGE(AH80:AJ80) -> 0.011488658 | AY80: =AVERAGE(AI80:AK80) -> 0.016953746 | AZ80: =AVERAGE(AJ80:AL80) -> 0.014961062 | BA80: =AVERAGE(AK80:AM80) -> 0.015534043 | BB80: =AVERAGE(AL80:AN80) -> 0.013820037 | BC80: =AVERAGE(AM80:AO80) -> 0.01176282 | BD80: =AVERAGE(AN80:AP80) -> 0.0079555241 | BE80: =AVERAGE(AO80:AQ80) -> 0.0049888633 | ... BH80: =AVERAGE(AR80:AT80) -> -0.0013956902 | BI80: =(BH80-$BO$78)/$BO$79 -> -0.36854154 | BJ80: =IF(BI80>1,TRUE,FALSE) -> FALSE | BK80: =IF(BI80<-1,TRUE,FALSE) -> FALSE | BL80: =_xlfn.XLOOKUP(AW80,'County Population Strata'!$A$3:$A$66,'County Population Strata'!$P$3:$P$66) -> Small | BN80: CV | BO80: =BO79/BO83 -> 3.6923432 | BQ80: =POWER(BH80-$BO$78,2) -> 2.6738941e-05
R81: Broomfield County | S81: 56107 | T81: 57584 | U81: 59271 | V81: 60669 | W81: 62504 | X81: 65831 | Y81: 67707 | Z81: 69655 | AA81: 71322 | AB81: 72669 | AC81: 74494 | AD81: 75415 | AE81: 76155 | AG81: Broomfield County | AH81: 0 | AI81: =(T81-S81)/S81 -> 0.026324701 | AJ81: =(U81-T81)/T81 -> 0.029296332 | AK81: =(V81-U81)/U81 -> 0.023586577 | AL81: =(W81-V81)/V81 -> 0.030246089 | AM81: =(X81-W81)/W81 -> 0.053228593 | AN81: =(Y81-X81)/X81 -> 0.028497213 | AO81: =(Z81-Y81)/Y81 -> 0.028771028 | AP81: =(AA81-Z81)/Z81 -> 0.023932237 | ... AT81: =(AE81-AD81)/AD81 -> 0.0098123715 | AW81: Broomfield County | AX81: =AVERAGE(AH81:AJ81) -> 0.018540344 | AY81: =AVERAGE(AI81:AK81) -> 0.026402537 | AZ81: =AVERAGE(AJ81:AL81) -> 0.027709666 | BA81: =AVERAGE(AK81:AM81) -> 0.035687087 | BB81: =AVERAGE(AL81:AN81) -> 0.037323965 | BC81: =AVERAGE(AM81:AO81) -> 0.036832278 | BD81: =AVERAGE(AN81:AP81) -> 0.027066826 | BE81: =AVERAGE(AO81:AQ81) -> 0.023863148 | ... BH81: =AVERAGE(AR81:AT81) -> 0.015763219 | BI81: =(BH81-$BO$78)/$BO$79 -> 0.85439525 | BJ81: =IF(BI81>1,TRUE,FALSE) -> FALSE | BK81: =IF(BI81<-1,TRUE,FALSE) -> FALSE | BL81: =_xlfn.XLOOKUP(AW81,'County Population Strata'!$A$3:$A$66,'County Population Strata'!$P$3:$P$66) -> Small | BQ81: =POWER(BH81-$BO$78,2) -> 0.00014371065
R82: Chaffee County | S82: 17797 | T82: 17932 | U82: 17967 | V82: 18036 | W82: 18066 | X82: 18108 | Y82: 18519 | Z82: 18967 | AA82: 19250 | AB82: 19391 | AC82: 19478 | AD82: 19737 | AE82: 20261 | AG82: Chaffee County | AH82: 0 | AI82: =(T82-S82)/S82 -> 0.0075855481 | AJ82: =(U82-T82)/T82 -> 0.001951818 | AK82: =(V82-U82)/U82 -> 0.003840374 | AL82: =(W82-V82)/V82 -> 0.00166334 | AM82: =(X82-W82)/W82 -> 0.002324809 | AN82: =(Y82-X82)/X82 -> 0.02269715 | AO82: =(Z82-Y82)/Y82 -> 0.024191371 | AP82: =(AA82-Z82)/Z82 -> 0.014920652 | ... AT82: =(AE82-AD82)/AD82 -> 0.026549121 | AW82: Chaffee County | AX82: =AVERAGE(AH82:AJ82) -> 0.003179122 | AY82: =AVERAGE(AI82:AK82) -> 0.0044592467 | AZ82: =AVERAGE(AJ82:AL82) -> 0.0024851773 | BA82: =AVERAGE(AK82:AM82) -> 0.0026095077 | BB82: =AVERAGE(AL82:AN82) -> 0.0088950998 | BC82: =AVERAGE(AM82:AO82) -> 0.016404443 | BD82: =AVERAGE(AN82:AP82) -> 0.020603058 | BE82: =AVERAGE(AO82:AQ82) -> 0.015478899 | ... BH82: =AVERAGE(AR82:AT82) -> 0.014777597 | BI82: =(BH82-$BO$78)/$BO$79 -> 0.78414879 | BJ82: =IF(BI82>1,TRUE,FALSE) -> FALSE | BK82: =IF(BI82<-1,TRUE,FALSE) -> FALSE | BL82: =_xlfn.XLOOKUP(AW82,'County Population Strata'!$A$3:$A$66,'County Population Strata'!$P$3:$P$66) -> Small | BQ82: =POWER(BH82-$BO$78,2) -> 0.00012105097
R83: Cheyenne County | S83: 1834 | T83: 1832 | U83: 1832 | V83: 1818 | W83: 1817 | X83: 1806 | Y83: 1794 | Z83: 1788 | AA83: 1783 | AB83: 1777 | AC83: 1744 | AD83: 1716 | AE83: 1722 | AG83: Cheyenne County | AH83: 0 | AI83: =(T83-S83)/S83 -> -0.0010905125 | AJ83: =(U83-T83)/T83 -> 0 | AK83: =(V83-U83)/U83 -> -0.0076419214 | AL83: =(W83-V83)/V83 -> -0.00055005501 | AM83: =(X83-W83)/W83 -> -0.0060539351 | AN83: =(Y83-X83)/X83 -> -0.0066445183 | AO83: =(Z83-Y83)/Y83 -> -0.0033444816 | AP83: =(AA83-Z83)/Z83 -> -0.0027964206 | ... AT83: =(AE83-AD83)/AD83 -> 0.0034965035 | AW83: Cheyenne County | AX83: =AVERAGE(AH83:AJ83) -> -0.00036350418 | AY83: =AVERAGE(AI83:AK83) -> -0.0029108113 | AZ83: =AVERAGE(AJ83:AL83) -> -0.0027306588 | BA83: =AVERAGE(AK83:AM83) -> -0.0047486372 | BB83: =AVERAGE(AL83:AN83) -> -0.0044161694 | BC83: =AVERAGE(AM83:AO83) -> -0.005347645 | BD83: =AVERAGE(AN83:AP83) -> -0.0042618068 | BE83: =AVERAGE(AO83:AQ83) -> -0.0031686724 | ... BH83: =AVERAGE(AR83:AT83) -> -0.010376389 | BI83: =(BH83-$BO$78)/$BO$79 -> -1.0086071 | BJ83: =IF(BI83>1,TRUE,FALSE) -> FALSE | BK83: =IF(BI83<-1,TRUE,FALSE) -> TRUE | BL83: =_xlfn.XLOOKUP(AW83,'County Population Strata'!$A$3:$A$66,'County Population Strata'!$P$3:$P$66) -> Tiny | BO83: 0.0038 | BQ83: =POWER(BH83-$BO$78,2) -> 0.00020026976
R84: Clear Creek County | S84: 9155 | T84: 9027 | U84: 9016 | V84: 8966 | W84: 9034 | X84: 9158 | Y84: 9237 | Z84: 9427 | AA84: 9385 | AB84: 9414 | AC84: 9397 | AD84: 9457 | AE84: 9366 | AG84: Clear Creek County | AH84: 0 | AI84: =(T84-S84)/S84 -> -0.013981431 | AJ84: =(U84-T84)/T84 -> -0.0012185665 | AK84: =(V84-U84)/U84 -> -0.0055456965 | AL84: =(W84-V84)/V84 -> 0.007584207 | AM84: =(X84-W84)/W84 -> 0.013725924 | AN84: =(Y84-X84)/X84 -> 0.0086263376 | AO84: =(Z84-Y84)/Y84 -> 0.020569449 | AP84: =(AA84-Z84)/Z84 -> -0.004455288 | ... AT84: =(AE84-AD84)/AD84 -> -0.0096225019 | AW84: Clear Creek County | AX84: =AVERAGE(AH84:AJ84) -> -0.0050666658 | AY84: =AVERAGE(AI84:AK84) -> -0.0069152313 | AZ84: =AVERAGE(AJ84:AL84) -> 0.00027331465 | BA84: =AVERAGE(AK84:AM84) -> 0.0052548116 | BB84: =AVERAGE(AL84:AN84) -> 0.009978823 | BC84: =AVERAGE(AM84:AO84) -> 0.014307237 | BD84: =AVERAGE(AN84:AP84) -> 0.0082468329 | BE84: =AVERAGE(AO84:AQ84) -> 0.0064013994 | ... BH84: =AVERAGE(AR84:AT84) -> -0.0016811022 | BI84: =(BH84-$BO$78)/$BO$79 -> -0.38888321 | BJ84: =IF(BI84>1,TRUE,FALSE) -> FALSE | BK84: =IF(BI84<-1,TRUE,FALSE) -> FALSE | BL84: =_xlfn.XLOOKUP(AW84,'County Population Strata'!$A$3:$A$66,'County Population Strata'!$P$3:$P$66) -> Tiny | BQ84: =POWER(BH84-$BO$78,2) -> 2.9772115e-05
R85: Colorado State | S85: 5050332 | T85: 5123553 | U85: 5194662 | V85: 5270883 | W85: 5347655 | X85: 5446594 | Y85: 5529631 | Z85: 5599588 | AA85: 5676912 | AB85: 5734909 | AC85: 5784584 | AD85: 5811026 | AE85: 5838736 | AG85: Colorado State | AH85: 0 | AI85: =(T85-S85)/S85 -> 0.014498255 | AJ85: =(U85-T85)/T85 -> 0.013878845 | AK85: =(V85-U85)/U85 -> 0.014672947 | AL85: =(W85-V85)/V85 -> 0.014565301 | AM85: =(X85-W85)/W85 -> 0.018501381 | AN85: =(Y85-X85)/X85 -> 0.015245675 | AO85: =(Z85-Y85)/Y85 -> 0.012651296 | AP85: =(AA85-Z85)/Z85 -> 0.013808873 | ... AT85: =(AE85-AD85)/AD85 -> 0.0047685211 | AW85: Colorado State | AX85: =AVERAGE(AH85:AJ85) -> 0.0094590334 | AY85: =AVERAGE(AI85:AK85) -> 0.014350016 | AZ85: =AVERAGE(AJ85:AL85) -> 0.014372365 | BA85: =AVERAGE(AK85:AM85) -> 0.01591321 | BB85: =AVERAGE(AL85:AN85) -> 0.016104119 | BC85: =AVERAGE(AM85:AO85) -> 0.015466117 | BD85: =AVERAGE(AN85:AP85) -> 0.013901948 | BE85: =AVERAGE(AO85:AQ85) -> 0.012225488 | ... BG85: =AVERAGE(AQ85:AS85) -> 0.0078164242 | BI85: =(BH85-$BO$78)/$BO$79 -> -0.26906896 | BJ85: =IF(BI85>1,TRUE,FALSE) -> FALSE | BK85: =IF(BI85<-1,TRUE,FALSE) -> FALSE | BQ85: =POWER(BH85-$BO$78,2) -> 1.4252745e-05
R86: Conejos County | S86: 8282 | T86: 8201 | U86: 8134 | V86: 8067 | W86: 7997 | X86: 7930 | Y86: 7842 | Z86: 7757 | AA86: 7660 | AB86: 7551 | AC86: 7454 | AD86: 7586 | AE86: 7572 | AG86: Conejos County | AH86: 0 | AI86: =(T86-S86)/S86 -> -0.0097802463 | AJ86: =(U86-T86)/T86 -> -0.0081697354 | AK86: =(V86-U86)/U86 -> -0.0082370298 | AL86: =(W86-V86)/V86 -> -0.0086773274 | AM86: =(X86-W86)/W86 -> -0.0083781418 | AN86: =(Y86-X86)/X86 -> -0.0110971 | AO86: =(Z86-Y86)/Y86 -> -0.010839072 | AP86: =(AA86-Z86)/Z86 -> -0.012504834 | ... AT86: =(AE86-AD86)/AD86 -> -0.0018455049 | AW86: Conejos County | AX86: =AVERAGE(AH86:AJ86) -> -0.0059833272 | AY86: =AVERAGE(AI86:AK86) -> -0.0087290038 | AZ86: =AVERAGE(AJ86:AL86) -> -0.0083613642 | BA86: =AVERAGE(AK86:AM86) -> -0.008430833 | BB86: =AVERAGE(AL86:AN86) -> -0.0093841896 | BC86: =AVERAGE(AM86:AO86) -> -0.010104771 | BD86: =AVERAGE(AN86:AP86) -> -0.011480335 | BE86: =AVERAGE(AO86:AQ86) -> -0.012524557 | ... BH86: =AVERAGE(AR86:AT86) -> 0.0010057091 | BI86: =(BH86-$BO$78)/$BO$79 -> -0.19739082 | BJ86: =IF(BI86>1,TRUE,FALSE) -> FALSE | BK86: =IF(BI86<-1,TRUE,FALSE) -> FALSE | BL86: =_xlfn.XLOOKUP(AW86,'County Population Strata'!$A$3:$A$66,'County Population Strata'!$P$3:$P$66) -> Tiny | BQ86: =POWER(BH86-$BO$78,2) -> 7.6705275e-06
R87: Costilla County | S87: 3532 | T87: 3518 | U87: 3517 | V87: 3516 | W87: 3516 | X87: 3516 | Y87: 3516 | Z87: 3516 | AA87: 3515 | AB87: 3501 | AC87: 3503 | AD87: 3617 | AE87: 3614 | AG87: Costilla County | AH87: 0 | AI87: =(T87-S87)/S87 -> -0.0039637599 | AJ87: =(U87-T87)/T87 -> -0.00028425242 | AK87: =(V87-U87)/U87 -> -0.00028433324 | AL87: =(W87-V87)/V87 -> 0 | AM87: =(X87-W87)/W87 -> 0 | AN87: =(Y87-X87)/X87 -> 0 | AO87: =(Z87-Y87)/Y87 -> 0 | AP87: =(AA87-Z87)/Z87 -> -0.00028441411 | ... AT87: =(AE87-AD87)/AD87 -> -0.00082941664 | AW87: Costilla County | AX87: =AVERAGE(AH87:AJ87) -> -0.0014160041 | AY87: =AVERAGE(AI87:AK87) -> -0.0015107819 | AZ87: =AVERAGE(AJ87:AL87) -> -0.00018952855 | BA87: =AVERAGE(AK87:AM87) -> -9.4777746e-05 | BB87: =AVERAGE(AL87:AN87) -> 0 | BC87: =AVERAGE(AM87:AO87) -> 0 | BD87: =AVERAGE(AN87:AP87) -> -9.4804702e-05 | BE87: =AVERAGE(AO87:AQ87) -> -0.0014224481 | ... BH87: =AVERAGE(AR87:AT87) -> 0.010761794 | BI87: =(BH87-$BO$78)/$BO$79 -> 0.49793751 | BJ87: =IF(BI87>1,TRUE,FALSE) -> FALSE | BK87: =IF(BI87<-1,TRUE,FALSE) -> FALSE | BL87: =_xlfn.XLOOKUP(AW87,'County Population Strata'!$A$3:$A$66,'County Population Strata'!$P$3:$P$66) -> Tiny | BQ87: =POWER(BH87-$BO$78,2) -> 4.881137e-05
R88: Crowley County | S88: 5838 | T88: 5837 | U88: 5839 | V88: 5843 | W88: 5843 | X88: 5839 | Y88: 5837 | Z88: 5837 | AA88: 5837 | AB88: 5840 | AC88: 5696 | AD88: 5744 | AE88: 5620 | AG88: Crowley County | AH88: 0 | AI88: =(T88-S88)/S88 -> -0.00017129154 | AJ88: =(U88-T88)/T88 -> 0.00034264177 | AK88: =(V88-U88)/U88 -> 0.00068504881 | AL88: =(W88-V88)/V88 -> 0 | AM88: =(X88-W88)/W88 -> -0.00068457984 | AN88: =(Y88-X88)/X88 -> -0.0003425244 | AO88: =(Z88-Y88)/Y88 -> 0 | AP88: =(AA88-Z88)/Z88 -> 0 | ... AT88: =(AE88-AD88)/AD88 -> -0.021587744 | AW88: Crowley County | AX88: =AVERAGE(AH88:AJ88) -> 5.7116743e-05 | AY88: =AVERAGE(AI88:AK88) -> 0.00028546635 | AZ88: =AVERAGE(AJ88:AL88) -> 0.00034256353 | BA88: =AVERAGE(AK88:AM88) -> 1.5632353e-07 | BB88: =AVERAGE(AL88:AN88) -> -0.00034236808 | BC88: =AVERAGE(AM88:AO88) -> -0.00034236808 | BD88: =AVERAGE(AN88:AP88) -> -0.0001141748 | BE88: =AVERAGE(AO88:AQ88) -> 0.00017132088 | ... BH88: =AVERAGE(AR88:AT88) -> -0.012606104 | BI88: =(BH88-$BO$78)/$BO$79 -> -1.1675217 | BJ88: =IF(BI88>1,TRUE,FALSE) -> FALSE | BK88: =IF(BI88<-1,TRUE,FALSE) -> TRUE | BL88: =_xlfn.XLOOKUP(AW88,'County Population Strata'!$A$3:$A$66,'County Population Strata'!$P$3:$P$66) -> Tiny | BQ88: =POWER(BH88-$BO$78,2) -> 0.00026834977
R89: Custer County | S89: 4272 | T89: 4318 | U89: 4367 | V89: 4405 | W89: 4437 | X89: 4467 | Y89: 4496 | Z89: 4539 | AA89: 4591 | AB89: 4646 | AC89: 4720 | AD89: 5064 | AE89: 5338 | AG89: Custer County | AH89: 0 | AI89: =(T89-S89)/S89 -> 0.01076779 | AJ89: =(U89-T89)/T89 -> 0.011347846 | AK89: =(V89-U89)/U89 -> 0.0087016258 | AL89: =(W89-V89)/V89 -> 0.0072644722 | AM89: =(X89-W89)/W89 -> 0.0067613252 | AN89: =(Y89-X89)/X89 -> 0.0064920528 | AO89: =(Z89-Y89)/Y89 -> 0.0095640569 | AP89: =(AA89-Z89)/Z89 -> 0.011456268 | ... AT89: =(AE89-AD89)/AD89 -> 0.054107425 | AW89: Custer County | AX89: =AVERAGE(AH89:AJ89) -> 0.0073718788 | AY89: =AVERAGE(AI89:AK89) -> 0.010272421 | AZ89: =AVERAGE(AJ89:AL89) -> 0.0091046481 | BA89: =AVERAGE(AK89:AM89) -> 0.0075758077 | BB89: =AVERAGE(AL89:AN89) -> 0.0068392834 | BC89: =AVERAGE(AM89:AO89) -> 0.0076058117 | BD89: =AVERAGE(AN89:AP89) -> 0.0091707926 | BE89: =AVERAGE(AO89:AQ89) -> 0.011000095 | ... BH89: =AVERAGE(AR89:AT89) -> 0.04763882 | BI89: =(BH89-$BO$78)/$BO$79 -> 3.1262091 | BJ89: =IF(BI89>1,TRUE,FALSE) -> TRUE | BK89: =IF(BI89<-1,TRUE,FALSE) -> FALSE | BL89: =_xlfn.XLOOKUP(AW89,'County Population Strata'!$A$3:$A$66,'County Population Strata'!$P$3:$P$66) -> Tiny | BQ89: =POWER(BH89-$BO$78,2) -> 0.0019240101
R90: Delta County | S90: 30889 | T90: 30433 | U90: 30554 | V90: 30428 | W90: 30066 | X90: 30039 | Y90: 30489 | Z90: 30703 | AA90: 31033 | AB90: 31237 | AC90: 31052 | AD90: 31386 | AE90: 31581 | AG90: Delta County | AH90: 0 | AI90: =(T90-S90)/S90 -> -0.014762537 | AJ90: =(U90-T90)/T90 -> 0.0039759472 | AK90: =(V90-U90)/U90 -> -0.0041238463 | AL90: =(W90-V90)/V90 -> -0.011896937 | AM90: =(X90-W90)/W90 -> -0.00089802435 | AN90: =(Y90-X90)/X90 -> 0.014980525 | AO90: =(Z90-Y90)/Y90 -> 0.0070189249 | AP90: =(AA90-Z90)/Z90 -> 0.010748135 | ... AT90: =(AE90-AD90)/AD90 -> 0.0062129612 | AW90: Delta County | AX90: =AVERAGE(AH90:AJ90) -> -0.0035955299 | AY90: =AVERAGE(AI90:AK90) -> -0.0049701453 | AZ90: =AVERAGE(AJ90:AL90) -> -0.0040149454 | BA90: =AVERAGE(AK90:AM90) -> -0.0056396026 | BB90: =AVERAGE(AL90:AN90) -> 0.00072852131 | BC90: =AVERAGE(AM90:AO90) -> 0.0070338086 | BD90: =AVERAGE(AN90:AP90) -> 0.010915862 | BE90: =AVERAGE(AO90:AQ90) -> 0.0081135692 | ... BH90: =AVERAGE(AR90:AT90) -> 0.0036822161 | BI90: =(BH90-$BO$78)/$BO$79 -> -0.0066328352 | BJ90: =IF(BI90>1,TRUE,FALSE) -> FALSE | BK90: =IF(BI90<-1,TRUE,FALSE) -> FALSE | BL90: =_xlfn.XLOOKUP(AW90,'County Population Strata'!$A$3:$A$66,'County Population Strata'!$P$3:$P$66) -> Small | BQ90: =POWER(BH90-$BO$78,2) -> 8.6610335e-09
R91: Denver County | S91: 604879 | T91: 620229 | U91: 632924 | V91: 645302 | W91: 658632 | X91: 675534 | Y91: 686468 | Z91: 693134 | AA91: 702679 | AB91: 710143 | AC91: 717545 | AD91: 711375 | AE91: 712637 | AG91: Denver County | AH91: 0 | AI91: =(T91-S91)/S91 -> 0.025376976 | AJ91: =(U91-T91)/T91 -> 0.020468246 | AK91: =(V91-U91)/U91 -> 0.01955685 | AL91: =(W91-V91)/V91 -> 0.020656995 | AM91: =(X91-W91)/W91 -> 0.025662282 | AN91: =(Y91-X91)/X91 -> 0.016185714 | AO91: =(Z91-Y91)/Y91 -> 0.0097105765 | AP91: =(AA91-Z91)/Z91 -> 0.013770786 | ... AT91: =(AE91-AD91)/AD91 -> 0.0017740292 | AW91: Denver County | AX91: =AVERAGE(AH91:AJ91) -> 0.015281741 | AY91: =AVERAGE(AI91:AK91) -> 0.021800691 | AZ91: =AVERAGE(AJ91:AL91) -> 0.020227364 | BA91: =AVERAGE(AK91:AM91) -> 0.021958709 | BB91: =AVERAGE(AL91:AN91) -> 0.020834997 | BC91: =AVERAGE(AM91:AO91) -> 0.017186191 | BD91: =AVERAGE(AN91:AP91) -> 0.013222359 | BE91: =AVERAGE(AO91:AQ91) -> 0.011367856 | ... BH91: =AVERAGE(AR91:AT91) -> 0.001199506 | BI91: =(BH91-$BO$78)/$BO$79 -> -0.18357868 | BJ91: =IF(BI91>1,TRUE,FALSE) -> FALSE | BK91: =IF(BI91<-1,TRUE,FALSE) -> FALSE | BL91: =_xlfn.XLOOKUP(AW91,'County Population Strata'!$A$3:$A$66,'County Population Strata'!$P$3:$P$66) -> Large | BQ91: =POWER(BH91-$BO$78,2) -> 6.6346157e-06
R92: Dolores County | S92: 2060 | T92: 2065 | U92: 2078 | V92: 2082 | W92: 2084 | X92: 2087 | Y92: 2088 | Z92: 2088 | AA92: 2091 | AB92: 2085 | AC92: 2078 | AD92: 2121 | AE92: 2203 | AG92: Dolores County | AH92: 0 | AI92: =(T92-S92)/S92 -> 0.0024271845 | AJ92: =(U92-T92)/T92 -> 0.0062953995 | AK92: =(V92-U92)/U92 -> 0.0019249278 | AL92: =(W92-V92)/V92 -> 0.00096061479 | AM92: =(X92-W92)/W92 -> 0.0014395393 | AN92: =(Y92-X92)/X92 -> 0.00047915668 | AO92: =(Z92-Y92)/Y92 -> 0 | AP92: =(AA92-Z92)/Z92 -> 0.0014367816 | ... AT92: =(AE92-AD92)/AD92 -> 0.038661009 | AW92: Dolores County | AX92: =AVERAGE(AH92:AJ92) -> 0.002907528 | AY92: =AVERAGE(AI92:AK92) -> 0.0035491706 | AZ92: =AVERAGE(AJ92:AL92) -> 0.003060314 | BA92: =AVERAGE(AK92:AM92) -> 0.001441694 | BB92: =AVERAGE(AL92:AN92) -> 0.00095977028 | BC92: =AVERAGE(AM92:AO92) -> 0.00063956534 | BD92: =AVERAGE(AN92:AP92) -> 0.0006386461 | BE92: =AVERAGE(AO92:AQ92) -> -0.00047755295 | ... BH92: =AVERAGE(AR92:AT92) -> 0.018665556 | BI92: =(BH92-$BO$78)/$BO$79 -> 1.0612485 | BJ92: =IF(BI92>1,TRUE,FALSE) -> TRUE | BK92: =IF(BI92<-1,TRUE,FALSE) -> FALSE | BL92: =_xlfn.XLOOKUP(AW92,'County Population Strata'!$A$3:$A$66,'County Population Strata'!$P$3:$P$66) -> Tiny | BQ92: =POWER(BH92-$BO$78,2) -> 0.0002217203
R93: Douglas County | S93: 287124 | T93: 292623 | U93: 298733 | V93: 306327 | W93: 314609 | X93: 322079 | Y93: 328333 | Z93: 335933 | AA93: 343267 | AB93: 351212 | AC93: 360272 | AD93: 369758 | AE93: 376026 | AG93: Douglas County | AH93: 0 | AI93: =(T93-S93)/S93 -> 0.019152004 | AJ93: =(U93-T93)/T93 -> 0.020880109 | AK93: =(V93-U93)/U93 -> 0.025420693 | AL93: =(W93-V93)/V93 -> 0.027036468 | AM93: =(X93-W93)/W93 -> 0.023743758 | AN93: =(Y93-X93)/X93 -> 0.019417596 | AO93: =(Z93-Y93)/Y93 -> 0.023147232 | AP93: =(AA93-Z93)/Z93 -> 0.021831734 | ... AT93: =(AE93-AD93)/AD93 -> 0.016951628 | AW93: Douglas County | AX93: =AVERAGE(AH93:AJ93) -> 0.013344038 | AY93: =AVERAGE(AI93:AK93) -> 0.021817602 | AZ93: =AVERAGE(AJ93:AL93) -> 0.024445756 | BA93: =AVERAGE(AK93:AM93) -> 0.025400306 | BB93: =AVERAGE(AL93:AN93) -> 0.023399274 | BC93: =AVERAGE(AM93:AO93) -> 0.022102862 | BD93: =AVERAGE(AN93:AP93) -> 0.021465521 | BE93: =AVERAGE(AO93:AQ93) -> 0.022708071 | ... BH93: =AVERAGE(AR93:AT93) -> 0.02302604 | BI93: =(BH93-$BO$78)/$BO$79 -> 1.3720256 | BJ93: =IF(BI93>1,TRUE,FALSE) -> TRUE | BK93: =IF(BI93<-1,TRUE,FALSE) -> FALSE | BL93: =_xlfn.XLOOKUP(AW93,'County Population Strata'!$A$3:$A$66,'County Population Strata'!$P$3:$P$66) -> Medium | BQ93: =POWER(BH93-$BO$78,2) -> 0.00037059172
R94: Eagle County | S94: 52057 | T94: 52120 | U94: 52160 | V94: 52262 | W94: 52398 | X94: 52780 | Y94: 53041 | Z94: 53724 | AA94: 54205 | AB94: 54819 | AC94: 55667 | AD94: 55785 | AE94: 55291 | AG94: Eagle County | AH94: 0 | AI94: =(T94-S94)/S94 -> 0.0012102119 | AJ94: =(U94-T94)/T94 -> 0.00076745971 | AK94: =(V94-U94)/U94 -> 0.0019555215 | AL94: =(W94-V94)/V94 -> 0.0026022732 | AM94: =(X94-W94)/W94 -> 0.0072903546 | AN94: =(Y94-X94)/X94 -> 0.0049450549 | AO94: =(Z94-Y94)/Y94 -> 0.012876831 | AP94: =(AA94-Z94)/Z94 -> 0.008953168 | ... AT94: =(AE94-AD94)/AD94 -> -0.0088554271 | AW94: Eagle County | AX94: =AVERAGE(AH94:AJ94) -> 0.00065922386 | AY94: =AVERAGE(AI94:AK94) -> 0.0013110644 | AZ94: =AVERAGE(AJ94:AL94) -> 0.0017750848 | BA94: =AVERAGE(AK94:AM94) -> 0.0039493831 | BB94: =AVERAGE(AL94:AN94) -> 0.0049458942 | BC94: =AVERAGE(AM94:AO94) -> 0.0083707469 | BD94: =AVERAGE(AN94:AP94) -> 0.008925018 | BE94: =AVERAGE(AO94:AQ94) -> 0.011052456 | ... BH94: =AVERAGE(AR94:AT94) -> 0.0029111366 | BI94: =(BH94-$BO$78)/$BO$79 -> -0.061588632 | BJ94: =IF(BI94>1,TRUE,FALSE) -> FALSE | BK94: =IF(BI94<-1,TRUE,FALSE) -> FALSE | BL94: =_xlfn.XLOOKUP(AW94,'County Population Strata'!$A$3:$A$66,'County Population Strata'!$P$3:$P$66) -> Small | BQ94: =POWER(BH94-$BO$78,2) -> 7.4674517e-07
R95: El Paso County | S95: 627232 | T95: 639139 | U95: 648445 | V95: 658303 | W95: 665754 | X95: 677969 | Y95: 692295 | Z95: 704797 | AA95: 717812 | AB95: 725497 | AC95: 732366 | AD95: 737202 | AE95: 740552 | AG95: El Paso County | AH95: 0 | AI95: =(T95-S95)/S95 -> 0.018983406 | AJ95: =(U95-T95)/T95 -> 0.014560213 | AK95: =(V95-U95)/U95 -> 0.015202523 | AL95: =(W95-V95)/V95 -> 0.011318496 | AM95: =(X95-W95)/W95 -> 0.018347618 | AN95: =(Y95-X95)/X95 -> 0.02113076 | AO95: =(Z95-Y95)/Y95 -> 0.018058776 | AP95: =(AA95-Z95)/Z95 -> 0.01846631 | ... AT95: =(AE95-AD95)/AD95 -> 0.004544209 | AW95: El Paso County | AX95: =AVERAGE(AH95:AJ95) -> 0.011181206 | AY95: =AVERAGE(AI95:AK95) -> 0.016248714 | AZ95: =AVERAGE(AJ95:AL95) -> 0.013693744 | BA95: =AVERAGE(AK95:AM95) -> 0.014956212 | BB95: =AVERAGE(AL95:AN95) -> 0.016932291 | BC95: =AVERAGE(AM95:AO95) -> 0.019179051 | BD95: =AVERAGE(AN95:AP95) -> 0.019218615 | BE95: =AVERAGE(AO95:AQ95) -> 0.015743744 | ... BH95: =AVERAGE(AR95:AT95) -> 0.006871819 | BI95: =(BH95-$BO$78)/$BO$79 -> 0.22069413 | BJ95: =IF(BI95>1,TRUE,FALSE) -> FALSE | BK95: =IF(BI95<-1,TRUE,FALSE) -> FALSE | BL95: =_xlfn.XLOOKUP(AW95,'County Population Strata'!$A$3:$A$66,'County Population Strata'!$P$3:$P$66) -> Large | BQ95: =POWER(BH95-$BO$78,2) -> 9.5885489e-06
R96: Elbert County | S96: 23107 | T96: 23032 | U96: 23034 | V96: 23183 | W96: 23569 | X96: 24061 | Y96: 24450 | Z96: 24942 | AA96: 25366 | AB96: 25667 | AC96: 26220 | AD96: 27144 | AE96: 27821 | AG96: Elbert County | AH96: 0 | AI96: =(T96-S96)/S96 -> -0.0032457697 | AJ96: =(U96-T96)/T96 -> 8.6835707e-05 | AK96: =(V96-U96)/U96 -> 0.0064686984 | AL96: =(W96-V96)/V96 -> 0.016650132 | AM96: =(X96-W96)/W96 -> 0.020874878 | AN96: =(Y96-X96)/X96 -> 0.016167242 | AO96: =(Z96-Y96)/Y96 -> 0.020122699 | AP96: =(AA96-Z96)/Z96 -> 0.016999439 | ... AT96: =(AE96-AD96)/AD96 -> 0.024941055 | AW96: Elbert County | AX96: =AVERAGE(AH96:AJ96) -> -0.001052978 | AY96: =AVERAGE(AI96:AK96) -> 0.0011032548 | AZ96: =AVERAGE(AJ96:AL96) -> 0.0077352219 | BA96: =AVERAGE(AK96:AM96) -> 0.014664569 | BB96: =AVERAGE(AL96:AN96) -> 0.017897417 | BC96: =AVERAGE(AM96:AO96) -> 0.01905494 | BD96: =AVERAGE(AN96:AP96) -> 0.017763127 | BE96: =AVERAGE(AO96:AQ96) -> 0.016329472 | ... BH96: =AVERAGE(AR96:AT96) -> 0.027242168 | BI96: =(BH96-$BO$78)/$BO$79 -> 1.6725143 | BJ96: =IF(BI96>1,TRUE,FALSE) -> TRUE | BK96: =IF(BI96<-1,TRUE,FALSE) -> FALSE | BL96: =_xlfn.XLOOKUP(AW96,'County Population Strata'!$A$3:$A$66,'County Population Strata'!$P$3:$P$66) -> Small | BQ96: =POWER(BH96-$BO$78,2) -> 0.0005506948
R97: Fremont County | S97: 46854 | T97: 47076 | U97: 47130 | V97: 47183 | W97: 47119 | X97: 47213 | Y97: 47284 | Z97: 47564 | AA97: 47990 | AB97: 48379 | AC97: 48881 | AD97: 49249 | AE97: 49570 | AG97: Fremont County | AH97: 0 | AI97: =(T97-S97)/S97 -> 0.0047381227 | AJ97: =(U97-T97)/T97 -> 0.0011470813 | AK97: =(V97-U97)/U97 -> 0.0011245491 | AL97: =(W97-V97)/V97 -> -0.0013564207 | AM97: =(X97-W97)/W97 -> 0.001994949 | AN97: =(Y97-X97)/X97 -> 0.0015038231 | AO97: =(Z97-Y97)/Y97 -> 0.0059216648 | AP97: =(AA97-Z97)/Z97 -> 0.0089563535 | ... AT97: =(AE97-AD97)/AD97 -> 0.0065178988 | AW97: Fremont County | AX97: =AVERAGE(AH97:AJ97) -> 0.0019617347 | AY97: =AVERAGE(AI97:AK97) -> 0.0023365844 | AZ97: =AVERAGE(AJ97:AL97) -> 0.0003050699 | BA97: =AVERAGE(AK97:AM97) -> 0.00058769244 | BB97: =AVERAGE(AL97:AN97) -> 0.0007141171 | BC97: =AVERAGE(AM97:AO97) -> 0.0031401456 | BD97: =AVERAGE(AN97:AP97) -> 0.0054606138 | BE97: =AVERAGE(AO97:AQ97) -> 0.0076612913 | ... BH97: =AVERAGE(AR97:AT97) -> 0.0081409298 | BI97: =(BH97-$BO$78)/$BO$79 -> 0.31114524 | BJ97: =IF(BI97>1,TRUE,FALSE) -> FALSE | BK97: =IF(BI97<-1,TRUE,FALSE) -> FALSE | BL97: =_xlfn.XLOOKUP(AW97,'County Population Strata'!$A$3:$A$66,'County Population Strata'!$P$3:$P$66) -> Small | BQ97: =POWER(BH97-$BO$78,2) -> 1.9058891e-05
... R137: Weld County | S137: 254230 | T137: 258702 | U137: 263850 | V137: 269770 | W137: 275994 | X137: 284855 | Y137: 294513 | Z137: 304595 | AA137: 313219 | AB137: 322335 | AC137: 331423 | AD137: 339865 | AE137: 350206 | AG137: Weld County | AH137: 0 | AI137: =(T137-S137)/S137 -> 0.017590371 | AJ137: =(U137-T137)/T137 -> 0.019899344 | AK137: =(V137-U137)/U137 -> 0.022436991 | AL137: =(W137-V137)/V137 -> 0.023071505 | AM137: =(X137-W137)/W137 -> 0.03210577 | AN137: =(Y137-X137)/X137 -> 0.033904969 | AO137: =(Z137-Y137)/Y137 -> 0.034232784 | AP137: =(AA137-Z137)/Z137 -> 0.028313006 | ... AT137: =(AE137-AD137)/AD137 -> 0.030426787 | AW137: Weld County | AX137: =AVERAGE(AH137:AJ137) -> 0.012496572 | AY137: =AVERAGE(AI137:AK137) -> 0.019975568 | AZ137: =AVERAGE(AJ137:AL137) -> 0.021802613 | BA137: =AVERAGE(AK137:AM137) -> 0.025871422 | BB137: =AVERAGE(AL137:AN137) -> 0.029694082 | BC137: =AVERAGE(AM137:AO137) -> 0.033414508 | BD137: =AVERAGE(AN137:AP137) -> 0.032150253 | BE137: =AVERAGE(AO137:AQ137) -> 0.030550009 | ... BH137: =AVERAGE(AR137:AT137) -> 0.028031012 | BI137: =(BH137-$BO$78)/$BO$79 -> 1.7287362 | BJ137: =IF(BI137>1,TRUE,FALSE) -> TRUE | BK137: =IF(BI137<-1,TRUE,FALSE) -> FALSE | BL137: =_xlfn.XLOOKUP(AW137,'County Population Strata'!$A$3:$A$66,'County Population Strata'!$P$3:$P$66) -> Medium | BQ137: =POWER(BH137-$BO$78,2) -> 0.00058834051
R138: Yuma County | S138: 10032 | T138: 10111 | U138: 10078 | V138: 10143 | W138: 10188 | X138: 10039 | Y138: 10056 | Z138: 9973 | AA138: 9955 | AB138: 10010 | AC138: 9977 | AD138: 9932 | AE138: 9920 | AG138: Yuma County | AH138: 0 | AI138: =(T138-S138)/S138 -> 0.0078748006 | AJ138: =(U138-T138)/T138 -> -0.0032637721 | AK138: =(V138-U138)/U138 -> 0.0064496924 | AL138: =(W138-V138)/V138 -> 0.0044365572 | AM138: =(X138-W138)/W138 -> -0.014625049 | AN138: =(Y138-X138)/X138 -> 0.0016933958 | AO138: =(Z138-Y138)/Y138 -> -0.0082537788 | AP138: =(AA138-Z138)/Z138 -> -0.0018048732 | ... AT138: =(AE138-AD138)/AD138 -> -0.0012082159 | AW138: Yuma County | AX138: =AVERAGE(AH138:AJ138) -> 0.0015370095 | AY138: =AVERAGE(AI138:AK138) -> 0.003686907 | AZ138: =AVERAGE(AJ138:AL138) -> 0.0025408258 | BA138: =AVERAGE(AK138:AM138) -> -0.0012462665 | BB138: =AVERAGE(AL138:AN138) -> -0.0028316987 | BC138: =AVERAGE(AM138:AO138) -> -0.0070618107 | BD138: =AVERAGE(AN138:AP138) -> -0.0027884187 | BE138: =AVERAGE(AO138:AQ138) -> -0.0015112634 | ... BH138: =AVERAGE(AR138:AT138) -> -0.0030050977 | BI138: =(BH138-$BO$78)/$BO$79 -> -0.48324602 | BJ138: =IF(BI138>1,TRUE,FALSE) -> FALSE | BK138: =IF(BI138>1,TRUE,FALSE) -> FALSE | BL138: =_xlfn.XLOOKUP(AW138,'County Population Strata'!$A$3:$A$66,'County Population Strata'!$P$3:$P$66) -> Tiny | BQ138: =POWER(BH138-$BO$78,2) -> 4.5973532e-05
R139: Grand Total | S139: 10100664 | T139: 10247103 | U139: 10389324 | V139: 10541766 | W139: 10695309 | X139: 10893187 | Y139: 11059260 | Z139: 11199177 | AA139: 11353825 | AB139: 11469822 | AC139: 11569168 | AD139: 11622052 | AE139: 11677472 | AG139: Grand Total | AH139: =AH85 -> 0 | AI139: =AI85 -> 0.014498255 | AJ139: =AJ85 -> 0.013878845 | AK139: =AK85 -> 0.014672947 | AL139: =AL85 -> 0.014565301 | AM139: =AM85 -> 0.018501381 | AN139: =AN85 -> 0.015245675 | AO139: =AO85 -> 0.012651296 | ... AT139: =AT85 -> 0.0047685211 | AW139: Grand Total | AX139: =AX85 -> 0.0094590334 | AY139: =AY85 -> 0.014350016 | AZ139: =AZ85 -> 0.014372365 | BA139: =BA85 -> 0.01591321 | BB139: =BB85 -> 0.016104119 | BC139: =BC85 -> 0.015466117 | BD139: =BD85 -> 0.013901948 | BE139: =BE85 -> 0.012225488 | ... BH139: =BH85 -> 0
R141: Total Housing Units | AG141: Change in Absolute Housing Units (2010 baseline) | AW141: Change in Housing (3-year rolling avg, 2010 baseline)
R142: Row Labels | S142: 2010 | T142: 2011 | U142: 2012 | V142: 2013 | W142: 2014 | X142: 2015 | Y142: 2016 | Z142: 2017 | AA142: 2018 | AB142: 2019 | AC142: 2020 | AD142: 2021 | AE142: 2022 | AG142: Row Labels | AH142: 2010 | AI142: 2011 | AJ142: 2012 | AK142: 2013 | AL142: 2014 | AM142: 2015 | AN142: 2016 | AO142: 2017 | AP142: 2018 | AQ142: 2019 | AR142: 2020 | AS142: 2021 | AT142: 2022 | AW142: Row Labels | AX142: CY 10-12 | AY142: CY 11-13 | AZ142: CY 12-14 | BA142: CY 13-15 | BB142: CY 14-16 | BC142: CY 15-17 | BD142: CY 16-18 | BE142: CY 17-19 | BF142: CY 18-20 | BG142: CY 19-21 | BH142: CY 20-22 | BI142: CY 20-22 - Std Devs | BJ142: >1% Dev | BK142: <- 1% Dev | BL142: Stratum
R143: Adams County | S143: 163435 | T143: 164593 | U143: 165858 | V143: 167459 | W143: 169377 | X143: 171361 | Y143: 173204 | Z143: 176439 | AA143: 180056 | AB143: 183751 | AC143: 187288 | AD143: 191198 | AE143: 196741 | AG143: Adams County | AH143: 0 | AI143: =(T143-S143)/S143 -> 0.0070853856 | AJ143: =(U143-T143)/T143 -> 0.0076856245 | AK143: =(V143-U143)/U143 -> 0.0096528356 | AL143: =(W143-V143)/V143 -> 0.01145355 | AM143: =(X143-W143)/W143 -> 0.011713515 | AN143: =(Y143-X143)/X143 -> 0.010755073 | AO143: =(Z143-Y143)/Y143 -> 0.018677398 | AP143: =(AA143-Z143)/Z143 -> 0.020500003 | ... AT143: =(AE143-AD143)/AD143 -> 0.028990889 | AW143: Adams County | AX143: =AVERAGE(AH143:AJ143) -> 0.0049236701 | AY143: =AVERAGE(AI143:AK143) -> 0.0081412819 | AZ143: =AVERAGE(AJ143:AL143) -> 0.0095973366 | BA143: =AVERAGE(AK143:AM143) -> 0.010939967 | BB143: =AVERAGE(AL143:AN143) -> 0.011307379 | BC143: =AVERAGE(AM143:AO143) -> 0.013715328 | BD143: =AVERAGE(AN143:AP143) -> 0.016644158 | BE143: =AVERAGE(AO143:AQ143) -> 0.019899598 | ... BH143: =AVERAGE(AR143:AT143) -> 0.023038901 | BI143: =(BH143-BO147)/$BO$148 -> 1.2116056 | BJ143: =IF(BI143>1,TRUE,FALSE) -> TRUE | BK143: =IF(BI143<-1,TRUE,FALSE) -> FALSE | BL143: =_xlfn.XLOOKUP(AW143,'County Population Strata'!$A$3:$A$66,'County Population Strata'!$P$3:$P$66) -> Medium
R144: Alamosa County | S144: 6561 | T144: 6591 | U144: 6636 | V144: 6700 | W144: 6747 | X144: 6807 | Y144: 6835 | Z144: 6908 | AA144: 6990 | AB144: 7026 | AC144: 7072 | AD144: 7137 | AE144: 7250 | AG144: Alamosa County | AH144: 0 | AI144: =(T144-S144)/S144 -> 0.0045724737 | AJ144: =(U144-T144)/T144 -> 0.006827492 | AK144: =(V144-U144)/U144 -> 0.0096443641 | AL144: =(W144-V144)/V144 -> 0.0070149254 | AM144: =(X144-W144)/W144 -> 0.0088928413 | AN144: =(Y144-X144)/X144 -> 0.0041134127 | AO144: =(Z144-Y144)/Y144 -> 0.010680322 | AP144: =(AA144-Z144)/Z144 -> 0.011870295 | ... AT144: =(AE144-AD144)/AD144 -> 0.015832983 | AW144: Alamosa County | AX144: =AVERAGE(AH144:AJ144) -> 0.0037999886 | AY144: =AVERAGE(AI144:AK144) -> 0.0070147766 | AZ144: =AVERAGE(AJ144:AL144) -> 0.0078289272 | BA144: =AVERAGE(AK144:AM144) -> 0.0085173769 | BB144: =AVERAGE(AL144:AN144) -> 0.0066737264 | BC144: =AVERAGE(AM144:AO144) -> 0.0078955253 | BD144: =AVERAGE(AN144:AP144) -> 0.0088880099 | BE144: =AVERAGE(AO144:AQ144) -> 0.0092336106 | ... BH144: =AVERAGE(AR144:AT144) -> 0.010523757 | BI144: =(BH144-$BO$147)/$BO$148 -> -0.21165817 | BJ144: =IF(BI144>1,TRUE,FALSE) -> FALSE | BK144: =IF(BI144<-1,TRUE,FALSE) -> FALSE | BL144: =_xlfn.XLOOKUP(AW144,'County Population Strata'!$A$3:$A$66,'County Population Strata'!$P$3:$P$66) -> Tiny
R145: Arapahoe County | S145: 239171 | T145: 240616 | U145: 241137 | V145: 242604 | W145: 245659 | X145: 247801 | Y145: 249881 | Z145: 254352 | AA145: 257003 | AB145: 259939 | AC145: 263241 | AD145: 266515 | AE145: 270939 | AG145: Arapahoe County | AH145: 0 | AI145: =(T145-S145)/S145 -> 0.0060417024 | AJ145: =(U145-T145)/T145 -> 0.0021652758 | AK145: =(V145-U145)/U145 -> 0.0060836786 | AL145: =(W145-V145)/V145 -> 0.012592538 | AM145: =(X145-W145)/W145 -> 0.0087194037 | AN145: =(Y145-X145)/X145 -> 0.0083938321 | AO145: =(Z145-Y145)/Y145 -> 0.017892517 | AP145: =(AA145-Z145)/Z145 -> 0.010422564 | ... AT145: =(AE145-AD145)/AD145 -> 0.016599441 | AW145: Arapahoe County | AX145: =AVERAGE(AH145:AJ145) -> 0.0027356594 | AY145: =AVERAGE(AI145:AK145) -> 0.0047635522 | AZ145: =AVERAGE(AJ145:AL145) -> 0.006947164 | BA145: =AVERAGE(AK145:AM145) -> 0.0091318733 | BB145: =AVERAGE(AL145:AN145) -> 0.0099019245 | BC145: =AVERAGE(AM145:AO145) -> 0.011668584 | BD145: =AVERAGE(AN145:AP145) -> 0.012236304 | BE145: =AVERAGE(AO145:AQ145) -> 0.013246357 | ... BH145: =AVERAGE(AR145:AT145) -> 0.013913231 | BI145: =(BH145-$BO$147)/$BO$148 -> 0.17380413 | BJ145: =IF(BI145>1,TRUE,FALSE) -> FALSE | BK145: =IF(BI145<-1,TRUE,FALSE) -> FALSE | BL145: =_xlfn.XLOOKUP(AW145,'County Population Strata'!$A$3:$A$66,'County Population Strata'!$P$3:$P$66) -> Large
R146: Archuleta County | S146: 8762 | T146: 8781 | U146: 8807 | V146: 8840 | W146: 8899 | X146: 8952 | Y146: 9033 | Z146: 9137 | AA146: 9277 | AB146: 9411 | AC146: 9537 | AD146: 9687 | AE146: 9879 | AG146: Archuleta County | AH146: 0 | AI146: =(T146-S146)/S146 -> 0.0021684547 | AJ146: =(U146-T146)/T146 -> 0.0029609384 | AK146: =(V146-U146)/U146 -> 0.0037470194 | AL146: =(W146-V146)/V146 -> 0.0066742081 | AM146: =(X146-W146)/W146 -> 0.0059557254 | AN146: =(Y146-X146)/X146 -> 0.0090482574 | AO146: =(Z146-Y146)/Y146 -> 0.01151334 | AP146: =(AA146-Z146)/Z146 -> 0.015322316 | ... AT146: =(AE146-AD146)/AD146 -> 0.019820378 | AW146: Archuleta County | AX146: =AVERAGE(AH146:AJ146) -> 0.0017097977 | AY146: =AVERAGE(AI146:AK146) -> 0.0029588042 | AZ146: =AVERAGE(AJ146:AL146) -> 0.004460722 | BA146: =AVERAGE(AK146:AM146) -> 0.0054589843 | BB146: =AVERAGE(AL146:AN146) -> 0.0072260636 | BC146: =AVERAGE(AM146:AO146) -> 0.0088391076 | BD146: =AVERAGE(AN146:AP146) -> 0.011961304 | BE146: =AVERAGE(AO146:AQ146) -> 0.013759994 | ... BH146: =AVERAGE(AR146:AT146) -> 0.016312394 | BI146: =(BH146-$BO$147)/$BO$148 -> 0.4466449 | BJ146: =IF(BI146>1,TRUE,FALSE) -> FALSE | BK146: =IF(BI146<-1,TRUE,FALSE) -> FALSE | BL146: =_xlfn.XLOOKUP(AW146,'County Population Strata'!$A$3:$A$66,'County Population Strata'!$P$3:$P$66) -> Tiny
R147: Baca County | S147: 1964 | T147: 1966 | U147: 1968 | V147: 1968 | W147: 1968 | X147: 1968 | Y147: 1968 | Z147: 1969 | AA147: 1969 | AB147: 1969 | AC147: 1972 | AD147: 1977 | AE147: 1981 | AG147: Baca County | AH147: 0 | AI147: =(T147-S147)/S147 -> 0.0010183299 | AJ147: =(U147-T147)/T147 -> 0.001017294 | AK147: =(V147-U147)/U147 -> 0 | AL147: =(W147-V147)/V147 -> 0 | AM147: =(X147-W147)/W147 -> 0 | AN147: =(Y147-X147)/X147 -> 0 | AO147: =(Z147-Y147)/Y147 -> 0.00050813008 | AP147: =(AA147-Z147)/Z147 -> 0 | ... AT147: =(AE147-AD147)/AD147 -> 0.0020232676 | AW147: Baca County | AX147: =AVERAGE(AH147:AJ147) -> 0.00067854131 | AY147: =AVERAGE(AI147:AK147) -> 0.00067854131 | AZ147: =AVERAGE(AJ147:AL147) -> 0.000339098 | BA147: =AVERAGE(AK147:AM147) -> 0 | BB147: =AVERAGE(AL147:AN147) -> 0 | BC147: =AVERAGE(AM147:AO147) -> 0.00016937669 | BD147: =AVERAGE(AN147:AP147) -> 0.00016937669 | BE147: =AVERAGE(AO147:AQ147) -> 0.00016937669 | ... BH147: =AVERAGE(AR147:AT147) -> 0.0020274602 | BI147: =(BH147-$BO$147)/$BO$148 -> -1.1778853 | BJ147: =IF(BI147>1,TRUE,FALSE) -> FALSE | BK147: =IF(BI147<-1,TRUE,FALSE) -> TRUE | BL147: =_xlfn.XLOOKUP(AW147,'County Population Strata'!$A$3:$A$66,'County Population Strata'!$P$3:$P$66) -> Tiny | BN147: Mean | BO147: =AVERAGE(BH143:BH207) -> 0.012384924
R148: Bent County | S148: 2111 | T148: 2116 | U148: 2118 | V148: 2122 | W148: 2124 | X148: 2124 | Y148: 2128 | Z148: 2130 | AA148: 2133 | AB148: 2135 | AC148: 2136 | AD148: 2143 | AE148: 2171 | AG148: Bent County | AH148: 0 | AI148: =(T148-S148)/S148 -> 0.0023685457 | AJ148: =(U148-T148)/T148 -> 0.00094517958 | AK148: =(V148-U148)/U148 -> 0.0018885741 | AL148: =(W148-V148)/V148 -> 0.00094250707 | AM148: =(X148-W148)/W148 -> 0 | AN148: =(Y148-X148)/X148 -> 0.0018832392 | AO148: =(Z148-Y148)/Y148 -> 0.00093984962 | AP148: =(AA148-Z148)/Z148 -> 0.0014084507 | ... AT148: =(AE148-AD148)/AD148 -> 0.013065796 | AW148: Bent County | AX148: =AVERAGE(AH148:AJ148) -> 0.0011045751 | AY148: =AVERAGE(AI148:AK148) -> 0.0017340998 | AZ148: =AVERAGE(AJ148:AL148) -> 0.0012587536 | BA148: =AVERAGE(AK148:AM148) -> 0.00094369373 | BB148: =AVERAGE(AL148:AN148) -> 0.00094191541 | BC148: =AVERAGE(AM148:AO148) -> 0.0009410296 | BD148: =AVERAGE(AN148:AP148) -> 0.0014105132 | BE148: =AVERAGE(AO148:AQ148) -> 0.0010953156 | ... BH148: =AVERAGE(AR148:AT148) -> 0.0056037777 | BI148: =(BH148-$BO$147)/$BO$148 -> -0.77117453 | BJ148: =IF(BI148>1,TRUE,FALSE) -> FALSE | BK148: =IF(BI148<-1,TRUE,FALSE) -> FALSE | BL148: =_xlfn.XLOOKUP(AW148,'County Population Strata'!$A$3:$A$66,'County Population Strata'!$P$3:$P$66) -> Tiny | BN148: Std Dev | BO148: =STDEV(BH143:BH207) -> 0.008793271
R149: Boulder County | S149: 127213 | T149: 127865 | U149: 128405 | V149: 129616 | W149: 131002 | X149: 132127 | Y149: 133334 | Z149: 135024 | AA149: 136410 | AB149: 139591 | AC149: 141291 | AD149: 143362 | AE149: 144094 | AG149: Boulder County | AH149: 0 | AI149: =(T149-S149)/S149 -> 0.0051252624 | AJ149: =(U149-T149)/T149 -> 0.0042232042 | AK149: =(V149-U149)/U149 -> 0.0094310969 | AL149: =(W149-V149)/V149 -> 0.010693124 | AM149: =(X149-W149)/W149 -> 0.0085876552 | AN149: =(Y149-X149)/X149 -> 0.0091351503 | AO149: =(Z149-Y149)/Y149 -> 0.012674937 | AP149: =(AA149-Z149)/Z149 -> 0.010264842 | ... AT149: =(AE149-AD149)/AD149 -> 0.0051059556 | AW149: Boulder County | AX149: =AVERAGE(AH149:AJ149) -> 0.0031161555 | AY149: =AVERAGE(AI149:AK149) -> 0.0062598545 | AZ149: =AVERAGE(AJ149:AL149) -> 0.0081158085 | BA149: =AVERAGE(AK149:AM149) -> 0.0095706255 | BB149: =AVERAGE(AL149:AN149) -> 0.0094719766 | BC149: =AVERAGE(AM149:AO149) -> 0.010132581 | BD149: =AVERAGE(AN149:AP149) -> 0.010691643 | BE149: =AVERAGE(AO149:AQ149) -> 0.015419728 | ... BH149: =AVERAGE(AR149:AT149) -> 0.010647361 | BI149: =(BH149-$BO$147)/$BO$148 -> -0.19760147 | BJ149: =IF(BI149>1,TRUE,FALSE) -> FALSE | BK149: =IF(BI149<-1,TRUE,FALSE) -> FALSE | BL149: =_xlfn.XLOOKUP(AW149,'County Population Strata'!$A$3:$A$66,'County Population Strata'!$P$3:$P$66) -> Small
R150: Broomfield County | S150: 22685 | T150: 23056 | U150: 23426 | V150: 25541 | W150: 26564 | X150: 27750 | Y150: 28585 | Z150: 29498 | AA150: 30060 | AB150: 30982 | AC150: 31463 | AD150: 32231 | AE150: 33645 | AG150: Broomfield County | AH150: 0 | AI150: =(T150-S150)/S150 -> 0.016354419 | AJ150: =(U150-T150)/T150 -> 0.016047883 | AK150: =(V150-U150)/U150 -> 0.090284299 | AL150: =(W150-V150)/V150 -> 0.040053248 | AM150: =(X150-W150)/W150 -> 0.044646891 | AN150: =(Y150-X150)/X150 -> 0.03009009 | AO150: =(Z150-Y150)/Y150 -> 0.031939829 | AP150: =(AA150-Z150)/Z150 -> 0.019052139 | ... AT150: =(AE150-AD150)/AD150 -> 0.043870808 | AW150: Broomfield County | AX150: =AVERAGE(AH150:AJ150) -> 0.010800768 | AY150: =AVERAGE(AI150:AK150) -> 0.040895534 | AZ150: =AVERAGE(AJ150:AL150) -> 0.048795144 | BA150: =AVERAGE(AK150:AM150) -> 0.058328146 | BB150: =AVERAGE(AL150:AN150) -> 0.038263409 | BC150: =AVERAGE(AM150:AO150) -> 0.035558936 | BD150: =AVERAGE(AN150:AP150) -> 0.027027353 | BE150: =AVERAGE(AO150:AQ150) -> 0.027221319 | ... BH150: =AVERAGE(AR150:AT150) -> 0.027935192 | BI150: =(BH150-$BO$147)/$BO$148 -> 1.7684281 | BJ150: =IF(BI150>1,TRUE,FALSE) -> TRUE | BK150: =IF(BI150<-1,TRUE,FALSE) -> FALSE | BL150: =_xlfn.XLOOKUP(AW150,'County Population Strata'!$A$3:$A$66,'County Population Strata'!$P$3:$P$66) -> Small
R151: Chaffee County | S151: 10030 | T151: 10058 | U151: 10056 | V151: 10085 | W151: 10114 | X151: 10183 | Y151: 10286 | Z151: 10484 | AA151: 10673 | AB151: 10806 | AC151: 10993 | AD151: 11322 | AE151: 11903 | AG151: Chaffee County | AH151: 0 | AI151: =(T151-S151)/S151 -> 0.0027916251 | AJ151: =(U151-T151)/T151 -> -0.00019884669 | AK151: =(V151-U151)/U151 -> 0.0028838504 | AL151: =(W151-V151)/V151 -> 0.0028755578 | AM151: =(X151-W151)/W151 -> 0.0068222266 | AN151: =(Y151-X151)/X151 -> 0.010114897 | AO151: =(Z151-Y151)/Y151 -> 0.019249465 | AP151: =(AA151-Z151)/Z151 -> 0.01802747 | ... AT151: =(AE151-AD151)/AD151 -> 0.051316022 | AW151: Chaffee County | AX151: =AVERAGE(AH151:AJ151) -> 0.00086425948 | AY151: =AVERAGE(AI151:AK151) -> 0.001825543 | AZ151: =AVERAGE(AJ151:AL151) -> 0.0018535205 | BA151: =AVERAGE(AK151:AM151) -> 0.0041938783 | BB151: =AVERAGE(AL151:AN151) -> 0.0066042273 | BC151: =AVERAGE(AM151:AO151) -> 0.012062196 | BD151: =AVERAGE(AN151:AP151) -> 0.015797278 | BE151: =AVERAGE(AO151:AQ151) -> 0.016579429 | ... BH151: =AVERAGE(AR151:AT151) -> 0.032849786 | BI151: =(BH151-$BO$147)/$BO$148 -> 2.3273321 | BJ151: =IF(BI151>1,TRUE,FALSE) -> TRUE | BK151: =IF(BI151<-1,TRUE,FALSE) -> FALSE | BL151: =_xlfn.XLOOKUP(AW151,'County Population Strata'!$A$3:$A$66,'County Population Strata'!$P$3:$P$66) -> Small
R152: Cheyenne County | S152: 868 | T152: 869 | U152: 869 | V152: 878 | W152: 879 | X152: 886 | Y152: 894 | Z152: 898 | AA152: 901 | AB152: 905 | AC152: 929 | AD152: 933 | AE152: 945 | AG152: Cheyenne County | AH152: 0 | AI152: =(T152-S152)/S152 -> 0.0011520737 | AJ152: =(U152-T152)/T152 -> 0 | AK152: =(V152-U152)/U152 -> 0.010356732 | AL152: =(W152-V152)/V152 -> 0.0011389522 | AM152: =(X152-W152)/W152 -> 0.007963595 | AN152: =(Y152-X152)/X152 -> 0.0090293454 | AO152: =(Z152-Y152)/Y152 -> 0.0044742729 | AP152: =(AA152-Z152)/Z152 -> 0.0033407572 | ... AT152: =(AE152-AD152)/AD152 -> 0.012861736 | AW152: Cheyenne County | AX152: =AVERAGE(AH152:AJ152) -> 0.00038402458 | AY152: =AVERAGE(AI152:AK152) -> 0.0038362685 | AZ152: =AVERAGE(AJ152:AL152) -> 0.0038318947 | BA152: =AVERAGE(AK152:AM152) -> 0.0064864263 | BB152: =AVERAGE(AL152:AN152) -> 0.0060439642 | BC152: =AVERAGE(AM152:AO152) -> 0.0071557378 | BD152: =AVERAGE(AN152:AP152) -> 0.0056147918 | BE152: =AVERAGE(AO152:AQ152) -> 0.0040848473 | ... BH152: =AVERAGE(AR152:AT152) -> 0.014562259 | BI152: =(BH152-$BO$147)/$BO$148 -> 0.24761379 | BJ152: =IF(BI152>1,TRUE,FALSE) -> FALSE | BK152: =IF(BI152<-1,TRUE,FALSE) -> FALSE | BL152: =_xlfn.XLOOKUP(AW152,'County Population Strata'!$A$3:$A$66,'County Population Strata'!$P$3:$P$66) -> Tiny
R153: Clear Creek County | S153: 5472 | T153: 5485 | U153: 5501 | V153: 5496 | W153: 5535 | X153: 5544 | Y153: 5560 | Z153: 5572 | AA153: 5602 | AB153: 5634 | AC153: 5688 | AD153: 5771 | AE153: 5868 | AG153: Clear Creek County | AH153: 0 | AI153: =(T153-S153)/S153 -> 0.002375731 | AJ153: =(U153-T153)/T153 -> 0.0029170465 | AK153: =(V153-U153)/U153 -> -0.00090892565 | AL153: =(W153-V153)/V153 -> 0.0070960699 | AM153: =(X153-W153)/W153 -> 0.0016260163 | AN153: =(Y153-X153)/X153 -> 0.0028860029 | AO153: =(Z153-Y153)/Y153 -> 0.0021582734 | AP153: =(AA153-Z153)/Z153 -> 0.0053840632 | ... AT153: =(AE153-AD153)/AD153 -> 0.016808179 | AW153: Clear Creek County | AX153: =AVERAGE(AH153:AJ153) -> 0.0017642592 | AY153: =AVERAGE(AI153:AK153) -> 0.0014612839 | AZ153: =AVERAGE(AJ153:AL153) -> 0.0030347302 | BA153: =AVERAGE(AK153:AM153) -> 0.0026043868 | BB153: =AVERAGE(AL153:AN153) -> 0.003869363 | BC153: =AVERAGE(AM153:AO153) -> 0.0022234308 | BD153: =AVERAGE(AN153:AP153) -> 0.0034761131 | BE153: =AVERAGE(AO153:AQ153) -> 0.0044181941 | ... BH153: =AVERAGE(AR153:AT153) -> 0.013661656 | BI153: =(BH153-$BO$147)/$BO$148 -> 0.14519413 | BJ153: =IF(BI153>1,TRUE,FALSE) -> FALSE | BK153: =IF(BI153<-1,TRUE,FALSE) -> FALSE | BL153: =_xlfn.XLOOKUP(AW153,'County Population Strata'!$A$3:$A$66,'County Population Strata'!$P$3:$P$66) -> Tiny
R154: Colorado State | S154: 2205618 | T154: 2217639 | U154: 2230882 | V154: 2254094 | W154: 2281231 | X154: 2310630 | Y154: 2339866 | Z154: 2377152 | AA154: 2418599 | AB154: 2460839 | AC154: 2501178 | AD154: 2542505 | AE154: 2598686 | AG154: Colorado State | AH154: 0 | AI154: =(T154-S154)/S154 -> 0.0054501731 | AJ154: =(U154-T154)/T154 -> 0.0059716663 | AK154: =(V154-U154)/U154 -> 0.010404853 | AL154: =(W154-V154)/V154 -> 0.012038983 | AM154: =(X154-W154)/W154 -> 0.01288734 | AN154: =(Y154-X154)/X154 -> 0.012652826 | AO154: =(Z154-Y154)/Y154 -> 0.015935101 | AP154: =(AA154-Z154)/Z154 -> 0.01743557 | ... AT154: =(AE154-AD154)/AD154 -> 0.022096712 | AW154: Colorado State | AX154: =AVERAGE(AH154:AJ154) -> 0.0038072798 | AY154: =AVERAGE(AI154:AK154) -> 0.0072755642 | AZ154: =AVERAGE(AJ154:AL154) -> 0.0094718343 | BA154: =AVERAGE(AK154:AM154) -> 0.011777059 | BB154: =AVERAGE(AL154:AN154) -> 0.012526383 | BC154: =AVERAGE(AM154:AO154) -> 0.013825089 | BD154: =AVERAGE(AN154:AP154) -> 0.015341166 | BE154: =AVERAGE(AO154:AQ154) -> 0.016945109 | ... BG154: =AVERAGE(AQ154:AS154) -> 0.016793349 | BJ154: =IF(BI154>1,TRUE,FALSE) -> FALSE | BK154: =IF(BI154<-1,TRUE,FALSE) -> FALSE
R155: Conejos County | S155: 3810 | T155: 3828 | U155: 3842 | V155: 3856 | W155: 3871 | X155: 3885 | Y155: 3906 | Z155: 3926 | AA155: 3950 | AB155: 3978 | AC155: 4009 | AD155: 4062 | AE155: 4119 | AG155: Conejos County | AH155: 0 | AI155: =(T155-S155)/S155 -> 0.0047244094 | AJ155: =(U155-T155)/T155 -> 0.0036572623 | AK155: =(V155-U155)/U155 -> 0.0036439355 | AL155: =(W155-V155)/V155 -> 0.0038900415 | AM155: =(X155-W155)/W155 -> 0.0036166365 | AN155: =(Y155-X155)/X155 -> 0.0054054054 | AO155: =(Z155-Y155)/Y155 -> 0.0051203277 | AP155: =(AA155-Z155)/Z155 -> 0.0061130922 | ... AT155: =(AE155-AD155)/AD155 -> 0.014032496 | AW155: Conejos County | AX155: =AVERAGE(AH155:AJ155) -> 0.0027938906 | AY155: =AVERAGE(AI155:AK155) -> 0.0040085357 | AZ155: =AVERAGE(AJ155:AL155) -> 0.0037304131 | BA155: =AVERAGE(AK155:AM155) -> 0.0037168712 | BB155: =AVERAGE(AL155:AN155) -> 0.0043040278 | BC155: =AVERAGE(AM155:AO155) -> 0.0047141232 | BD155: =AVERAGE(AN155:AP155) -> 0.0055462751 | BE155: =AVERAGE(AO155:AQ155) -> 0.0061073425 | ... BH155: =AVERAGE(AR155:AT155) -> 0.01168187 | BI155: =(BH155-$BO$147)/$BO$148 -> -0.079953624 | BJ155: =IF(BI155>1,TRUE,FALSE) -> FALSE | BK155: =IF(BI155<-1,TRUE,FALSE) -> FALSE | BL155: =_xlfn.XLOOKUP(AW155,'County Population Strata'!$A$3:$A$66,'County Population Strata'!$P$3:$P$66) -> Tiny
R156: Costilla County | S156: 2241 | T156: 2301 | U156: 2305 | V156: 2310 | W156: 2310 | X156: 2310 | Y156: 2310 | Z156: 2311 | AA156: 2313 | AB156: 2374 | AC156: 2424 | AD156: 2424 | AE156: 2424 | AG156: Costilla County | AH156: 0 | AI156: =(T156-S156)/S156 -> 0.026773762 | AJ156: =(U156-T156)/T156 -> 0.0017383746 | AK156: =(V156-U156)/U156 -> 0.0021691974 | AL156: =(W156-V156)/V156 -> 0 | AM156: =(X156-W156)/W156 -> 0 | AN156: =(Y156-X156)/X156 -> 0 | AO156: =(Z156-Y156)/Y156 -> 0.00043290043 | AP156: =(AA156-Z156)/Z156 -> 0.00086542622 | ... AT156: =(AE156-AD156)/AD156 -> 0 | AW156: Costilla County | AX156: =AVERAGE(AH156:AJ156) -> 0.0095040454 | AY156: =AVERAGE(AI156:AK156) -> 0.010227111 | AZ156: =AVERAGE(AJ156:AL156) -> 0.001302524 | BA156: =AVERAGE(AK156:AM156) -> 0.0007230658 | BB156: =AVERAGE(AL156:AN156) -> 0 | BC156: =AVERAGE(AM156:AO156) -> 0.00014430014 | BD156: =AVERAGE(AN156:AP156) -> 0.00043277555 | BE156: =AVERAGE(AO156:AQ156) -> 0.0092236676 | ... BH156: =AVERAGE(AR156:AT156) -> 0.0070204999 | BI156: =(BH156-$BO$147)/$BO$148 -> -0.61006019 | BJ156: =IF(BI156>1,TRUE,FALSE) -> FALSE | BK156: =IF(BI156<-1,TRUE,FALSE) -> FALSE | BL156: =_xlfn.XLOOKUP(AW156,'County Population Strata'!$A$3:$A$66,'County Population Strata'!$P$3:$P$66) -> Tiny
R157: Crowley County | S157: 1479 | T157: 1483 | U157: 1485 | V157: 1485 | W157: 1488 | X157: 1495 | Y157: 1500 | Z157: 1504 | AA157: 1507 | AB157: 1508 | AC157: 1509 | AD157: 1521 | AE157: 1535 | AG157: Crowley County | AH157: 0 | AI157: =(T157-S157)/S157 -> 0.0027045301 | AJ157: =(U157-T157)/T157 -> 0.0013486177 | AK157: =(V157-U157)/U157 -> 0 | AL157: =(W157-V157)/V157 -> 0.002020202 | AM157: =(X157-W157)/W157 -> 0.0047043011 | AN157: =(Y157-X157)/X157 -> 0.0033444816 | AO157: =(Z157-Y157)/Y157 -> 0.0026666667 | AP157: =(AA157-Z157)/Z157 -> 0.0019946809 | ... AT157: =(AE157-AD157)/AD157 -> 0.0092044707 | AW157: Crowley County | AX157: =AVERAGE(AH157:AJ157) -> 0.0013510493 | AY157: =AVERAGE(AI157:AK157) -> 0.0013510493 | AZ157: =AVERAGE(AJ157:AL157) -> 0.0011229399 | BA157: =AVERAGE(AK157:AM157) -> 0.002241501 | BB157: =AVERAGE(AL157:AN157) -> 0.0033563282 | BC157: =AVERAGE(AM157:AO157) -> 0.0035718164 | BD157: =AVERAGE(AN157:AP157) -> 0.0026686097 | BE157: =AVERAGE(AO157:AQ157) -> 0.0017749725 | ... BH157: =AVERAGE(AR157:AT157) -> 0.0059399623 | BI157: =(BH157-$BO$147)/$BO$148 -> -0.7329425 | BJ157: =IF(BI157>1,TRUE,FALSE) -> FALSE | BK157: =IF(BI157<-1,TRUE,FALSE) -> FALSE | BL157: =_xlfn.XLOOKUP(AW157,'County Population Strata'!$A$3:$A$66,'County Population Strata'!$P$3:$P$66) -> Tiny
R158: Custer County | S158: 3593 | T158: 3656 | U158: 3722 | V158: 3775 | W158: 3821 | X158: 3863 | Y158: 3905 | Z158: 3964 | AA158: 4036 | AB158: 4110 | AC158: 4198 | AD158: 4326 | AE158: 4470 | AG158: Custer County | AH158: 0 | AI158: =(T158-S158)/S158 -> 0.017534094 | AJ158: =(U158-T158)/T158 -> 0.018052516 | AK158: =(V158-U158)/U158 -> 0.014239656 | AL158: =(W158-V158)/V158 -> 0.01218543 | AM158: =(X158-W158)/W158 -> 0.010991887 | AN158: =(Y158-X158)/X158 -> 0.010872379 | AO158: =(Z158-Y158)/Y158 -> 0.015108835 | AP158: =(AA158-Z158)/Z158 -> 0.018163471 | ... AT158: =(AE158-AD158)/AD158 -> 0.033287101 | AW158: Custer County | AX158: =AVERAGE(AH158:AJ158) -> 0.011862203 | AY158: =AVERAGE(AI158:AK158) -> 0.016608756 | AZ158: =AVERAGE(AJ158:AL158) -> 0.014825868 | BA158: =AVERAGE(AK158:AM158) -> 0.012472325 | BB158: =AVERAGE(AL158:AN158) -> 0.011349899 | BC158: =AVERAGE(AM158:AO158) -> 0.012324367 | BD158: =AVERAGE(AN158:AP158) -> 0.014714895 | BE158: =AVERAGE(AO158:AQ158) -> 0.01720243 | ... BH158: =AVERAGE(AR158:AT158) -> 0.028396334 | BI158: =(BH158-$BO$147)/$BO$148 -> 1.8208708 | BJ158: =IF(BI158>1,TRUE,FALSE) -> TRUE | BK158: =IF(BI158<-1,TRUE,FALSE) -> FALSE | BL158: =_xlfn.XLOOKUP(AW158,'County Population Strata'!$A$3:$A$66,'County Population Strata'!$P$3:$P$66) -> Tiny
R159: Delta County | S159: 14575 | T159: 14577 | U159: 14616 | V159: 14616 | W159: 14623 | X159: 14673 | Y159: 14658 | Z159: 14660 | AA159: 14694 | AB159: 14728 | AC159: 14794 | AD159: 14860 | AE159: 15081 | AG159: Delta County | AH159: 0 | AI159: =(T159-S159)/S159 -> 0.00013722127 | AJ159: =(U159-T159)/T159 -> 0.0026754476 | AK159: =(V159-U159)/U159 -> 0 | AL159: =(W159-V159)/V159 -> 0.0004789272 | AM159: =(X159-W159)/W159 -> 0.003419271 | AN159: =(Y159-X159)/X159 -> -0.0010222858 | AO159: =(Z159-Y159)/Y159 -> 0.00013644426 | AP159: =(AA159-Z159)/Z159 -> 0.002319236 | ... AT159: =(AE159-AD159)/AD159 -> 0.01487214 | AW159: Delta County | AX159: =AVERAGE(AH159:AJ159) -> 0.0009375563 | AY159: =AVERAGE(AI159:AK159) -> 0.0009375563 | AZ159: =AVERAGE(AJ159:AL159) -> 0.0010514583 | BA159: =AVERAGE(AK159:AM159) -> 0.0012993994 | BB159: =AVERAGE(AL159:AN159) -> 0.00095863746 | BC159: =AVERAGE(AM159:AO159) -> 0.00084447648 | BD159: =AVERAGE(AN159:AP159) -> 0.00047779815 | BE159: =AVERAGE(AO159:AQ159) -> 0.00158985 | ... BH159: =AVERAGE(AR159:AT159) -> 0.0079382227 | BI159: =(BH159-$BO$147)/$BO$148 -> -0.50569369 | BJ159: =IF(BI159>1,TRUE,FALSE) -> FALSE | BK159: =IF(BI159<-1,TRUE,FALSE) -> FALSE | BL159: =_xlfn.XLOOKUP(AW159,'County Population Strata'!$A$3:$A$66,'County Population Strata'!$P$3:$P$66) -> Small
R160: Denver County | S160: 287392 | T160: 288388 | U160: 290342 | V160: 295120 | W160: 300889 | X160: 306476 | Y160: 314369 | Z160: 321058 | AA160: 331306 | AB160: 338605 | AC160: 347042 | AD160: 352130 | AE160: 360938 | AG160: Denver County | AH160: 0 | AI160: =(T160-S160)/S160 -> 0.0034656497 | AJ160: =(U160-T160)/T160 -> 0.006775594 | AK160: =(V160-U160)/U160 -> 0.016456455 | AL160: =(W160-V160)/V160 -> 0.01954798 | AM160: =(X160-W160)/W160 -> 0.018568309 | AN160: =(Y160-X160)/X160 -> 0.025754056 | AO160: =(Z160-Y160)/Y160 -> 0.021277543 | AP160: =(AA160-Z160)/Z160 -> 0.031919466 | ... AT160: =(AE160-AD160)/AD160 -> 0.025013489 | AW160: Denver County | AX160: =AVERAGE(AH160:AJ160) -> 0.0034137479 | AY160: =AVERAGE(AI160:AK160) -> 0.0088992328 | AZ160: =AVERAGE(AJ160:AL160) -> 0.01426001 | BA160: =AVERAGE(AK160:AM160) -> 0.018190915 | BB160: =AVERAGE(AL160:AN160) -> 0.021290115 | BC160: =AVERAGE(AM160:AO160) -> 0.021866636 | BD160: =AVERAGE(AN160:AP160) -> 0.026317022 | BE160: =AVERAGE(AO160:AQ160) -> 0.025076001 | ... BH160: =AVERAGE(AR160:AT160) -> 0.021530493 | BI160: =(BH160-$BO$147)/$BO$148 -> 1.0400644 | BJ160: =IF(BI160>1,TRUE,FALSE) -> TRUE | BK160: =IF(BI160<-1,TRUE,FALSE) -> FALSE | BL160: =_xlfn.XLOOKUP(AW160,'County Population Strata'!$A$3:$A$66,'County Population Strata'!$P$3:$P$66) -> Large
R161: Dolores County | S161: 1060 | T161: 1096 | U161: 1156 | V161: 1186 | W161: 1212 | X161: 1243 | Y161: 1267 | Z161: 1287 | AA161: 1317 | AB161: 1318 | AC161: 1321 | AD161: 1337 | AE161: 1357 | AG161: Dolores County | AH161: 0 | AI161: =(T161-S161)/S161 -> 0.033962264 | AJ161: =(U161-T161)/T161 -> 0.054744526 | AK161: =(V161-U161)/U161 -> 0.025951557 | AL161: =(W161-V161)/V161 -> 0.021922428 | AM161: =(X161-W161)/W161 -> 0.025577558 | AN161: =(Y161-X161)/X161 -> 0.019308126 | AO161: =(Z161-Y161)/Y161 -> 0.01578532 | AP161: =(AA161-Z161)/Z161 -> 0.023310023 | ... AT161: =(AE161-AD161)/AD161 -> 0.014958863 | AW161: Dolores County | AX161: =AVERAGE(AH161:AJ161) -> 0.02956893 | AY161: =AVERAGE(AI161:AK161) -> 0.038219449 | AZ161: =AVERAGE(AJ161:AL161) -> 0.03420617 | BA161: =AVERAGE(AK161:AM161) -> 0.024483848 | BB161: =AVERAGE(AL161:AN161) -> 0.022269371 | BC161: =AVERAGE(AM161:AO161) -> 0.020223668 | BD161: =AVERAGE(AN161:AP161) -> 0.019467823 | BE161: =AVERAGE(AO161:AQ161) -> 0.013284881 | ... BH161: =AVERAGE(AR161:AT161) -> 0.0097823585 | BI161: =(BH161-$BO$147)/$BO$148 -> -0.29597244 | BJ161: =IF(BI161>1,TRUE,FALSE) -> FALSE | BK161: =IF(BI161<-1,TRUE,FALSE) -> FALSE | BL161: =_xlfn.XLOOKUP(AW161,'County Population Strata'!$A$3:$A$66,'County Population Strata'!$P$3:$P$66) -> Tiny
R162: Douglas County | S162: 107260 | T162: 108031 | U162: 109233 | V162: 111597 | W162: 114036 | X162: 117377 | Y162: 119437 | Z162: 122812 | AA162: 128333 | AB162: 132630 | AC162: 136477 | AD162: 140356 | AE162: 145974 | AG162: Douglas County | AH162: 0 | AI162: =(T162-S162)/S162 -> 0.007188141 | AJ162: =(U162-T162)/T162 -> 0.011126436 | AK162: =(V162-U162)/U162 -> 0.021641812 | AL162: =(W162-V162)/V162 -> 0.021855426 | AM162: =(X162-W162)/W162 -> 0.029297766 | AN162: =(Y162-X162)/X162 -> 0.017550287 | AO162: =(Z162-Y162)/Y162 -> 0.028257575 | AP162: =(AA162-Z162)/Z162 -> 0.04495489 | ... AT162: =(AE162-AD162)/AD162 -> 0.040026789 | AW162: Douglas County | AX162: =AVERAGE(AH162:AJ162) -> 0.006104859 | AY162: =AVERAGE(AI162:AK162) -> 0.013318796 | AZ162: =AVERAGE(AJ162:AL162) -> 0.018207891 | BA162: =AVERAGE(AK162:AM162) -> 0.024265001 | BB162: =AVERAGE(AL162:AN162) -> 0.02290116 | BC162: =AVERAGE(AM162:AO162) -> 0.025035209 | BD162: =AVERAGE(AN162:AP162) -> 0.030254251 | BE162: =AVERAGE(AO162:AQ162) -> 0.035565223 | ... BH162: =AVERAGE(AR162:AT162) -> 0.032484888 | BI162: =(BH162-$BO$147)/$BO$148 -> 2.2858347 | BJ162: =IF(BI162>1,TRUE,FALSE) -> TRUE | BK162: =IF(BI162<-1,TRUE,FALSE) -> FALSE | BL162: =_xlfn.XLOOKUP(AW162,'County Population Strata'!$A$3:$A$66,'County Population Strata'!$P$3:$P$66) -> Medium
R163: Eagle County | S163: 30810 | T163: 30875 | U163: 30927 | V163: 31014 | W163: 31120 | X163: 31363 | Y163: 31539 | Z163: 31951 | AA163: 32251 | AB163: 32626 | AC163: 33102 | AD163: 33694 | AE163: 34333 | AG163: Eagle County | AH163: 0 | AI163: =(T163-S163)/S163 -> 0.0021097046 | AJ163: =(U163-T163)/T163 -> 0.0016842105 | AK163: =(V163-U163)/U163 -> 0.002813076 | AL163: =(W163-V163)/V163 -> 0.0034178113 | AM163: =(X163-W163)/W163 -> 0.0078084833 | AN163: =(Y163-X163)/X163 -> 0.0056117081 | AO163: =(Z163-Y163)/Y163 -> 0.013063192 | AP163: =(AA163-Z163)/Z163 -> 0.0093893775 | ... AT163: =(AE163-AD163)/AD163 -> 0.018964801 | AW163: Eagle County | AX163: =AVERAGE(AH163:AJ163) -> 0.0012646384 | AY163: =AVERAGE(AI163:AK163) -> 0.0022023304 | AZ163: =AVERAGE(AJ163:AL163) -> 0.0026383659 | BA163: =AVERAGE(AK163:AM163) -> 0.0046797902 | BB163: =AVERAGE(AL163:AN163) -> 0.0056126676 | BC163: =AVERAGE(AM163:AO163) -> 0.0088277943 | BD163: =AVERAGE(AN163:AP163) -> 0.0093547591 | BE163: =AVERAGE(AO163:AQ163) -> 0.011360039 | ... BH163: =AVERAGE(AR163:AT163) -> 0.017146169 | BI163: =(BH163-$BO$147)/$BO$148 -> 0.54146459 | BJ163: =IF(BI163>1,TRUE,FALSE) -> FALSE | BK163: =IF(BI163<-1,TRUE,FALSE) -> FALSE | BL163: =_xlfn.XLOOKUP(AW163,'County Population Strata'!$A$3:$A$66,'County Population Strata'!$P$3:$P$66) -> Small
R164: El Paso County | S164: 253716 | T164: 255593 | U164: 257927 | V164: 261089 | W164: 264933 | X164: 268705 | Y164: 272240 | Z164: 276227 | AA164: 280240 | AB164: 284340 | AC164: 288421 | AD164: 295128 | AE164: 304114 | AG164: El Paso County | AH164: 0 | AI164: =(T164-S164)/S164 -> 0.0073980356 | AJ164: =(U164-T164)/T164 -> 0.0091317055 | AK164: =(V164-U164)/U164 -> 0.012259283 | AL164: =(W164-V164)/V164 -> 0.014722949 | AM164: =(X164-W164)/W164 -> 0.014237562 | AN164: =(Y164-X164)/X164 -> 0.013155691 | AO164: =(Z164-Y164)/Y164 -> 0.014645166 | AP164: =(AA164-Z164)/Z164 -> 0.014527906 | ... AT164: =(AE164-AD164)/AD164 -> 0.030447806 | AW164: El Paso County | AX164: =AVERAGE(AH164:AJ164) -> 0.0055099137 | AY164: =AVERAGE(AI164:AK164) -> 0.0095963412 | AZ164: =AVERAGE(AJ164:AL164) -> 0.012037979 | BA164: =AVERAGE(AK164:AM164) -> 0.013739931 | BB164: =AVERAGE(AL164:AN164) -> 0.014038734 | BC164: =AVERAGE(AM164:AO164) -> 0.014012806 | BD164: =AVERAGE(AN164:AP164) -> 0.014109588 | BE164: =AVERAGE(AO164:AQ164) -> 0.01460113 | ... BH164: =AVERAGE(AR164:AT164) -> 0.022684848 | BI164: =(BH164-$BO$147)/$BO$148 -> 1.1713415 | BJ164: =IF(BI164>1,TRUE,FALSE) -> TRUE | BK164: =IF(BI164<-1,TRUE,FALSE) -> FALSE | BL164: =_xlfn.XLOOKUP(AW164,'County Population Strata'!$A$3:$A$66,'County Population Strata'!$P$3:$P$66) -> Large
R165: Elbert County | S165: 8949 | T165: 8956 | U165: 8960 | V165: 8978 | W165: 9029 | X165: 9116 | Y165: 9236 | Z165: 9328 | AA165: 9463 | AB165: 9673 | AC165: 9858 | AD165: 10145 | AE165: 10555 | AG165: Elbert County | AH165: 0 | AI165: =(T165-S165)/S165 -> 0.0007822103 | AJ165: =(U165-T165)/T165 -> 0.00044662796 | AK165: =(V165-U165)/U165 -> 0.0020089286 | AL165: =(W165-V165)/V165 -> 0.0056805525 | AM165: =(X165-W165)/W165 -> 0.0096356186 | AN165: =(Y165-X165)/X165 -> 0.013163668 | AO165: =(Z165-Y165)/Y165 -> 0.0099610221 | AP165: =(AA165-Z165)/Z165 -> 0.014472556 | ... AT165: =(AE165-AD165)/AD165 -> 0.040413997 | AW165: Elbert County | AX165: =AVERAGE(AH165:AJ165) -> 0.00040961275 | AY165: =AVERAGE(AI165:AK165) -> 0.0010792556 | AZ165: =AVERAGE(AJ165:AL165) -> 0.0027120363 | BA165: =AVERAGE(AK165:AM165) -> 0.0057750332 | BB165: =AVERAGE(AL165:AN165) -> 0.0094932798 | BC165: =AVERAGE(AM165:AO165) -> 0.010920103 | BD165: =AVERAGE(AN165:AP165) -> 0.012532415 | BE165: =AVERAGE(AO165:AQ165) -> 0.015541757 | ... BH165: =AVERAGE(AR165:AT165) -> 0.029550936 | BI165: =(BH165-$BO$147)/$BO$148 -> 1.9521759 | BJ165: =IF(BI165>1,TRUE,FALSE) -> TRUE | BK165: =IF(BI165<-1,TRUE,FALSE) -> FALSE | BL165: =_xlfn.XLOOKUP(AW165,'County Population Strata'!$A$3:$A$66,'County Population Strata'!$P$3:$P$66) -> Small
R166: Fremont County | S166: 19448 | T166: 19536 | U166: 19578 | V166: 19620 | W166: 19630 | X166: 19683 | Y166: 19730 | Z166: 19834 | AA166: 19978 | AB166: 20112 | AC166: 20281 | AD166: 20408 | AE166: 20610 | AG166: Fremont County | AH166: 0 | AI166: =(T166-S166)/S166 -> 0.0045248869 | AJ166: =(U166-T166)/T166 -> 0.0021498771 | AK166: =(V166-U166)/U166 -> 0.0021452651 | AL166: =(W166-V166)/V166 -> 0.000509684 | AM166: =(X166-W166)/W166 -> 0.0026999491 | AN166: =(Y166-X166)/X166 -> 0.0023878474 | AO166: =(Z166-Y166)/Y166 -> 0.0052711607 | AP166: =(AA166-Z166)/Z166 -> 0.0072602602 | ... AT166: =(AE166-AD166)/AD166 -> 0.0098980792 | AW166: Fremont County | AX166: =AVERAGE(AH166:AJ166) -> 0.0022249213 | AY166: =AVERAGE(AI166:AK166) -> 0.0029400097 | AZ166: =AVERAGE(AJ166:AL166) -> 0.0016016087 | BA166: =AVERAGE(AK166:AM166) -> 0.001784966 | BB166: =AVERAGE(AL166:AN166) -> 0.0018658268 | BC166: =AVERAGE(AM166:AO166) -> 0.0034529857 | BD166: =AVERAGE(AN166:AP166) -> 0.0049730894 | BE166: =AVERAGE(AO166:AQ166) -> 0.006412933 | ... BH166: =AVERAGE(AR166:AT166) -> 0.0081876804 | BI166: =(BH166-$BO$147)/$BO$148 -> -0.47732453 | BJ166: =IF(BI166>1,TRUE,FALSE) -> FALSE | BK166: =IF(BI166<-1,TRUE,FALSE) -> FALSE | BL166: =_xlfn.XLOOKUP(AW166,'County Population Strata'!$A$3:$A$66,'County Population Strata'!$P$3:$P$66) -> Small
... R206: Weld County | S206: 96540 | T206: 97321 | U206: 98257 | V206: 99547 | W206: 101046 | X206: 103354 | Y206: 106316 | Z206: 109489 | AA206: 113019 | AB206: 116937 | AC206: 120949 | AD206: 124749 | AE206: 129656 | AG206: Weld County | AH206: 0 | AI206: =(T206-S206)/S206 -> 0.0080899109 | AJ206: =(U206-T206)/T206 -> 0.009617657 | AK206: =(V206-U206)/U206 -> 0.013128836 | AL206: =(W206-V206)/V206 -> 0.015058214 | AM206: =(X206-W206)/W206 -> 0.022841082 | AN206: =(Y206-X206)/X206 -> 0.028658784 | AO206: =(Z206-Y206)/Y206 -> 0.02984499 | AP206: =(AA206-Z206)/Z206 -> 0.032240682 | ... AT206: =(AE206-AD206)/AD206 -> 0.039334985 | AW206: Weld County | AX206: =AVERAGE(AH206:AJ206) -> 0.0059025226 | AY206: =AVERAGE(AI206:AK206) -> 0.010278801 | AZ206: =AVERAGE(AJ206:AL206) -> 0.012601569 | BA206: =AVERAGE(AK206:AM206) -> 0.017009377 | BB206: =AVERAGE(AL206:AN206) -> 0.022186027 | BC206: =AVERAGE(AM206:AO206) -> 0.027114952 | BD206: =AVERAGE(AN206:AP206) -> 0.030248152 | BE206: =AVERAGE(AO206:AQ206) -> 0.032250803 | ... BH206: =AVERAGE(AR206:AT206) -> 0.035020753 | BI206: =(BH206-$BO$147)/$BO$148 -> 2.5742216 | BJ206: =IF(BI206>1,TRUE,FALSE) -> TRUE | BK206: =IF(BI206<-1,TRUE,FALSE) -> FALSE | BL206: =_xlfn.XLOOKUP(AW206,'County Population Strata'!$A$3:$A$66,'County Population Strata'!$P$3:$P$66) -> Medium
R207: Yuma County | S207: 4227 | T207: 4237 | U207: 4246 | V207: 4254 | W207: 4265 | X207: 4283 | Y207: 4294 | Z207: 4304 | AA207: 4311 | AB207: 4317 | AC207: 4315 | AD207: 4320 | AE207: 4326 | AG207: Yuma County | AH207: 0 | AI207: =(T207-S207)/S207 -> 0.002365744 | AJ207: =(U207-T207)/T207 -> 0.0021241444 | AK207: =(V207-U207)/U207 -> 0.0018841262 | AL207: =(W207-V207)/V207 -> 0.0025858016 | AM207: =(X207-W207)/W207 -> 0.0042203986 | AN207: =(Y207-X207)/X207 -> 0.0025682933 | AO207: =(Z207-Y207)/Y207 -> 0.0023288309 | AP207: =(AA207-Z207)/Z207 -> 0.0016263941 | ... AT207: =(AE207-AD207)/AD207 -> 0.0013888889 | AW207: Yuma County | AX207: =AVERAGE(AH207:AJ207) -> 0.0014966295 | AY207: =AVERAGE(AI207:AK207) -> 0.0021246716 | AZ207: =AVERAGE(AJ207:AL207) -> 0.0021980241 | BA207: =AVERAGE(AK207:AM207) -> 0.0028967755 | BB207: =AVERAGE(AL207:AN207) -> 0.0031248311 | BC207: =AVERAGE(AM207:AO207) -> 0.0030391743 | BD207: =AVERAGE(AN207:AP207) -> 0.0021745061 | BE207: =AVERAGE(AO207:AQ207) -> 0.0017823378 | ... BH207: =AVERAGE(AR207:AT207) -> 0.00069478425 | BI207: =(BH207-$BO$147)/$BO$148 -> -1.3294416 | BJ207: =IF(BI207>1,TRUE,FALSE) -> FALSE | BK207: =IF(BI207>1,TRUE,FALSE) -> FALSE | BL207: =_xlfn.XLOOKUP(AW207,'County Population Strata'!$A$3:$A$66,'County Population Strata'!$P$3:$P$66) -> Tiny
R208: Grand Total | S208: =S154 -> 2205618 | T208: =T154 -> 2217639 | U208: =U154 -> 2230882 | V208: =V154 -> 2254094 | W208: =W154 -> 2281231 | X208: =X154 -> 2310630 | Y208: =Y154 -> 2339866 | Z208: =Z154 -> 2377152 | ... AE208: =AE154 -> 2598686 | AG208: Total | AH208: =AH154 -> 0 | AI208: =AI154 -> 0.0054501731 | AJ208: =AJ154 -> 0.0059716663 | AK208: =AK154 -> 0.010404853 | AL208: =AL154 -> 0.012038983 | AM208: =AM154 -> 0.01288734 | AN208: =AN154 -> 0.012652826 | AO208: =AO154 -> 0.015935101 | ... AT208: =AT154 -> 0.022096712 | AW208: Grand Total | AX208: =AX154 -> 0.0038072798 | AY208: =AY154 -> 0.0072755642 | AZ208: =AZ154 -> 0.0094718343 | BA208: =BA154 -> 0.011777059 | BB208: =BB154 -> 0.012526383 | BC208: =BC154 -> 0.013825089 | BD208: =BD154 -> 0.015341166 | BE208: =BE154 -> 0.016945109 | ... BH208: =BH154 -> 0

Sheet County Population Strata
A1: Relative Population (% of total) | N1: Abs. Population | O1: Rel. Population | S1: 2022 Data
A2: Row Labels | B2: 2010 | C2: 2011 | D2: 2012 | E2: 2013 | F2: 2014 | G2: 2015 | H2: 2016 | I2: 2017 | J2: 2018 | K2: 2019 | L2: 2020 | M2: 2021 | N2: 2022 | O2: 2022 | P2: Stratum | S2: Strata | T2: n | U2: Sum | V2: Normalized Weight | W2: Stratum Definition
A3: Hinsdale County | B3: 0.00016691972 | C3: 0.00016297284 | D3: 0.00015997191 | E3: 0.00015652026 | F3: 0.00015315124 | G3: 0.0001492676 | H3: 0.00014630271 | I3: 0.00014376058 | J3: 0.00014109784 | K3: 0.00013914781 | L3: 0.00013691564 | M3: 0.00013388341 | N3: 779 | O3: 0.00013341929 | P3: Tiny | S3: Large | T3: =COUNTIF($P$3:$P$66,S3) -> 3 | U3: =SUMIF($P$3:$P$66,S3,$N$3:$N$66) -> 2109204 | V3: =U3/$N$67 -> 0.36124326 | W3: Any county that comprises >10% of state's population
A4: San Juan County | B4: 0.00014038681 | C4: 0.000137795 | D4: 0.00013533123 | E4: 0.00013356396 | F4: 0.0001308985 | G4: 0.00012778628 | H4: 0.00012604819 | I4: 0.0001250092 | J4: 0.00012383493 | K4: 0.00012293133 | L4: 0.0001229129 | M4: 0.00012751621 | N4: 801 | O4: 0.00013718723 | P4: Tiny | S4: Medium | T4: =COUNTIF($P$3:$P$66,S4) -> 5 | U4: =SUMIF($P$3:$P$66,S4,$N$3:$N$66) -> 2196512 | V4: =U4/$N$67 -> 0.37619649 | W4: Any county that comprises 6-10% of state's population
A5: Mineral County | B5: 0.00013959478 | C5: 0.00013896607 | D5: 0.00013918134 | E5: 0.0001392556 | F5: 0.0001396874 | G5: 0.00013861874 | H5: 0.0001392498 | I5: 0.00014072464 | J5: 0.00014285936 | K5: 0.00014542515 | L5: 0.00015057263 | M5: 0.00015935224 | N5: 924 | O5: 0.00015825343 | P5: Tiny | S5: Small | T5: =COUNTIF($P$3:$P$66,S5) -> 18 | U5: =SUMIF($P$3:$P$66,S5,$N$3:$N$66) -> 1235661 | V5: =U5/$N$67 -> 0.21163159 | W5: Any county that comprises 3.5-6% of state's population
A6: Jackson County | B6: 0.00027463541 | C6: 0.00027071058 | D6: 0.00026661985 | E6: 0.00026238488 | F6: 0.00025824403 | G6: 0.00025355295 | H6: 0.00024938373 | I6: 0.00024626812 | J6: 0.00024291375 | K6: 0.00024045717 | L6: 0.00023821938 | M6: 0.00023369367 | N6: 1314 | O6: 0.00022504871 | P6: Tiny | S6: Tiny | T6: =COUNTIF($P$3:$P$66,S6) -> 38 | U6: =SUMIF($P$3:$P$66,S6,$N$3:$N$66) -> 297359 | V6: =U6/$N$67 -> 0.05092866 | W6: Any county that comprises <3.5% of state's population
A7: Kiowa County | B7: 0.00027701149 | C7: 0.00026992987 | D7: 0.00026796739 | E7: 0.00026504098 | F7: 0.00026048801 | G7: 0.00025814298 | H7: 0.00025679833 | I7: 0.00025501876 | J7: 0.00025401134 | K7: 0.00025370934 | L7: 0.00025135775 | M7: 0.0002500419 | N7: 1428 | O7: 0.00024457348 | P7: Tiny
A8: Cheyenne County | B8: 0.00036314444 | C8: 0.00035756437 | D8: 0.00035266972 | E8: 0.00034491375 | F8: 0.0003397751 | G8: 0.00033158337 | H8: 0.00032443395 | I8: 0.00031930921 | J8: 0.0003140792 | K8: 0.0003098567 | L8: 0.000301491 | M8: 0.00029530069 | N8: 1722 | O8: 0.00029492685 | P8: Tiny
A9: Dolores County | B9: 0.00040789398 | C9: 0.00040304062 | D9: 0.00040002603 | E9: 0.00039500023 | F9: 0.00038970352 | G9: 0.00038317525 | H9: 0.00037760205 | I9: 0.00037288458 | J9: 0.00036833405 | K9: 0.00036356287 | L9: 0.00035923067 | M9: 0.00036499579 | N9: 2203 | O9: 0.00037730769 | P9: Tiny
A10: Sedgwick County | B10: 0.00046868206 | C10: 0.0004627648 | D10: 0.0004572001 | E10: 0.00045134753 | F10: 0.00044580288 | G10: 0.00043843914 | H10: 0.00043257859 | I10: 0.00042788862 | J10: 0.0004229412 | K10: 0.00041936149 | L10: 0.00041334001 | M10: 0.0004009619 | N10: 2297 | O10: 0.00039340707 | P10: Tiny
A11: Baca County | B11: 0.00075143575 | C11: 0.00073523198 | D11: 0.00071303965 | E11: 0.00069001721 | F11: 0.00066646035 | G11: 0.00064811146 | H11: 0.00063385785 | I11: 0.00062915343 | J11: 0.00062533997 | K11: 0.00062163149 | L11: 0.00060125326 | M11: 0.0006007545 | N11: 3431 | O11: 0.00058762719 | P11: Tiny
A12: Costilla County | B12: 0.00069935996 | C12: 0.00068663289 | D12: 0.00067704116 | E12: 0.00066706091 | F12: 0.00065748445 | G12: 0.00064554105 | H12: 0.00063584713 | I12: 0.00062790334 | J12: 0.00061917465 | K12: 0.00061047176 | L12: 0.00060557509 | M12: 0.00062243741 | N12: 3614 | O12: 0.00061896959 | P12: Tiny
A13: Phillips County | B13: 0.00088410029 | C13: 0.00087302698 | D13: 0.00086280878 | E13: 0.00085109079 | F13: 0.00084036835 | G13: 0.00082602081 | H13: 0.00081470174 | I13: 0.00080613074 | J13: 0.00079532676 | K13: 0.00078832986 | L13: 0.00078190584 | M13: 0.00077404575 | N13: 4435 | O13: 0.00075958221 | P13: Tiny
A14: Washington County | B14: 0.00095340267 | C14: 0.00089937588 | D14: 0.0008778242 | E14: 0.00087537515 | F14: 0.00086336908 | G14: 0.00085961979 | H14: 0.00085810427 | I14: 0.00086524223 | J14: 0.00084764393 | K14: 0.00084151292 | L14: 0.00083169334 | M14: 0.00083806199 | N14: 4835 | O14: 0.00082809019 | P14: Tiny
A15: Ouray County | B15: 0.00088033816 | C15: 0.00085955976 | D15: 0.00086203876 | E15: 0.00085659272 | F15: 0.00084672628 | G15: 0.00083538446 | H15: 0.00085376402 | I15: 0.000844705 | J15: 0.00083425637 | K15: 0.00085214953 | L15: 0.00084293011 | M15: 0.00086920967 | N15: 5088 | O15: 0.00087142149 | P15: Tiny
A16: Custer County | B16: 0.00084588498 | C16: 0.00084277454 | D16: 0.00084067067 | E16: 0.00083572335 | F16: 0.00082970947 | G16: 0.00082014558 | H16: 0.00081307415 | I16: 0.00081059535 | J16: 0.00080871432 | K16: 0.00081012619 | L16: 0.00081596187 | M16: 0.0008714468 | N16: 5338 | O16: 0.00091423897 | P16: Tiny
A17: Bent County | B17: 0.0012882321 | C17: 0.0012403502 | D17: 0.0011288511 | E17: 0.0011003849 | F17: 0.0010941244 | G17: 0.0010953635 | H17: 0.0010403949 | I17: 0.0010657927 | J17: 0.0010540942 | K17: 0.0010427367 | L17: 0.00094682695 | M17: 0.00091791019 | N17: 5400 | O17: 0.00092485771 | P17: Tiny
A18: Lincoln County | B18: 0.0010838891 | C18: 0.0010711317 | D18: 0.0010593567 | E18: 0.0010476423 | F18: 0.0010355941 | G18: 0.0010195362 | H18: 0.001007843 | I18: 0.00099846632 | J18: 0.00099015098 | K18: 0.00098379939 | L18: 0.0009788085 | M18: 0.00094131398 | N18: 5513 | O18: 0.00094421121 | P18: Tiny
... A66: El Paso County | B66: 0.12419619 | C66: 0.12474527 | D66: 0.1248291 | E66: 0.12489425 | F66: 0.12449457 | G66: 0.12447577 | H66: 0.12519732 | I66: 0.12586587 | J66: 0.12644409 | K66: 0.12650541 | L66: 0.12660651 | M66: 0.12686262 | N66: 740552 | O66: 0.1268343 | P66: Large
A67: Grand Total | B67: 1 | C67: 0.99999941 | D67: 1 | E67: 1 | F67: 0.99999981 | G67: 0.99999982 | H67: 0.99999964 | I67: 1.0000002 | J67: 1.0000002 | K67: 1.0000007 | L67: 1 | M67: 1 | N67: =SUM(N3:N66) -> 5838736 | O67: 1

Sheet REGION_PIVOT
S4: Population Density (people/sq mi) | AH4: Relative Population
A5: Sum of Density (pers/sq mi) | B5: Column Labels | S5: Row Labels | T5: 2010 | U5: 2011 | V5: 2012 | W5: 2013 | X5: 2014 | Y5: 2015 | Z5: 2016 | AA5: 2017 | AB5: 2018 | AC5: 2019 | AD5: 2020 | AE5: 2021 | AF5: 2022 | AH5: Row Labels | AI5: 2010 | AJ5: 2011 | AK5: 2012 | AL5: 2013 | AM5: 2014 | AN5: 2015 | AO5: 2016 | AP5: 2017 | AQ5: 2018 | AR5: 2019 | AS5: 2020 | AT5: 2021 | AU5: 2022
A6: Row Labels | B6: 2010 | C6: 2011 | D6: 2012 | E6: 2013 | F6: 2014 | G6: 2015 | H6: 2016 | I6: 2017 | J6: 2018 | K6: 2019 | L6: 2020 | M6: 2021 | N6: 2022 | O6: Grand Total | S6: 0 | T6: 48.516115 | U6: 49.219513 | V6: 49.902624 | W6: 50.634842 | X6: 51.372354 | Y6: 52.322813 | Z6: 53.12051 | AA6: 53.792553 | AB6: 54.535368 | AC6: 55.092517 | AD6: 55.569721 | AE6: 55.823737 | AF6: 56.089933 | AH6: 0 | AI6: 2205618 | AJ6: 2217639 | AK6: 2230882 | AL6: 2254094 | AM6: 2281231 | AN6: 2310630 | AO6: 2339866 | AP6: 2377152 | AQ6: 2418599 | AR6: 2460839 | AS6: 2501178 | AT6: 2542505 | AU6: 2598686
A7: 0 | B7: 48.516115 | C7: 49.219513 | D7: 49.902624 | E7: 50.634842 | F7: 51.372354 | G7: 52.322813 | H7: 53.12051 | I7: 53.792553 | J7: 54.535368 | K7: 55.092517 | L7: 55.569721 | M7: 55.823737 | N7: 56.089933 | O7: 685.9926 | S7: 1 | T7: 50.815493 | U7: 50.921574 | V7: 50.724734 | W7: 50.74757 | X7: 50.671385 | Y7: 50.733219 | Z7: 50.694948 | AA7: 50.777276 | AB7: 51.116443 | AC7: 51.256026 | AD7: 51.009702 | AE7: 50.753068 | AF7: 50.651014 | AH7: 1 | AI7: =T7/T$6 -> 1.0473941 | AJ7: =U7/U$25 -> 2.2962066e-05 | AK7: =V7/V$25 -> 2.2737524e-05 | AL7: =W7/W$25 -> 2.2513511e-05 | AM7: =X7/X$25 -> 2.2212299e-05 | AN7: =Y7/Y$25 -> 2.1956444e-05 | AO7: =Z7/Z$25 -> 2.1665748e-05 | AP7: =AA7/AA$25 -> 2.1360551e-05 | AQ7: =AB7/AB$25 -> 2.1134732e-05 | ... AU7: =AF7/AF$25 -> 1.949101e-05
A8: 1 | B8: 50.815493 | C8: 50.921574 | D8: 50.724734 | E8: 50.74757 | F8: 50.671385 | G8: 50.733219 | H8: 50.694948 | I8: 50.777276 | J8: 51.116443 | K8: 51.256026 | L8: 51.009702 | M8: 50.753068 | N8: 50.651014 | O8: 660.87245 | S8: 2 | T8: 177.53309 | U8: 180.47491 | V8: 183.88914 | W8: 187.4102 | X8: 191.91932 | Y8: 197.66906 | Z8: 202.23464 | AA8: 206.66874 | AB8: 211.27727 | AC8: 215.88108 | AD8: 219.33077 | AE8: 222.51844 | AF8: 226.6409 | AH8: 2 | AI8: =T8/T$6 -> 3.6592602 | AJ8: =U8/U$25 -> 8.1381556e-05 | AK8: =V8/V$25 -> 8.2428894e-05 | AL8: =W8/W$25 -> 8.3142141e-05 | AM8: =X8/X$25 -> 8.4129719e-05 | AN8: =Y8/Y$25 -> 8.5547692e-05 | AO8: =Z8/Z$25 -> 8.6430009e-05 | AP8: =AA8/AA$25 -> 8.6939642e-05 | AQ8: =AB8/AB$25 -> 8.7355229e-05 | ... AU8: =AF8/AF$25 -> 8.7213652e-05
A9: 2 | B9: 177.53309 | C9: 180.47491 | D9: 183.88914 | E9: 187.4102 | F9: 191.91932 | G9: 197.66906 | H9: 202.23464 | I9: 206.66874 | J9: 211.27727 | K9: 215.88108 | L9: 219.33077 | M9: 222.51844 | N9: 226.6409 | O9: 2623.4476 | S9: 3 | T9: 7446.6844 | U9: 7623.0752 | V9: 7789.4472 | W9: 7948.7739 | X9: 8125.1819 | Y9: 8373.7838 | Z9: 8528.4491 | AA9: 8652.7409 | AB9: 8791.8309 | AC9: 8899.5491 | AD9: 9020.5812 | AE9: 9019.4761 | AF9: 9059.8857 | AH9: 3 | AI9: =T9/T$6 -> 153.48889 | AJ9: =U9/U$25 -> 0.0034374735 | AK9: =V9/V$25 -> 0.0034916447 | AL9: =W9/W$25 -> 0.003526372 | AM9: =X9/X$25 -> 0.0035617532 | AN9: =Y9/Y$25 -> 0.0036240263 | AO9: =Z9/Z$25 -> 0.0036448451 | AP9: =AA9/AA$25 -> 0.0036399611 | AQ9: =AB9/AB$25 -> 0.0036350924 | ... AU9: =AF9/AF$25 -> 0.0034863334
A10: 3 | B10: 7446.6844 | C10: 7623.0752 | D10: 7789.4472 | E10: 7948.7739 | F10: 8125.1819 | G10: 8373.7838 | H10: 8528.4491 | I10: 8652.7409 | J10: 8791.8309 | K10: 8899.5491 | L10: 9020.5812 | M10: 9019.4761 | N10: 9059.8857 | O10: 109279.46 | S10: 4 | T10: 1037.08 | U10: 1048.6343 | V10: 1060.71 | W10: 1072.3031 | X10: 1084.6176 | Y10: 1098.1905 | Z10: 1114.7345 | AA10: 1127.1759 | AB10: 1139.2226 | AC10: 1146.7323 | AD10: 1150.6749 | AE10: 1150.429 | AF10: 1145.7095 | AH10: 4 | AI10: =T10/T$6 -> 21.37599 | AJ10: =U10/U$25 -> 0.0004728607 | AK10: =V10/V$25 -> 0.00047546665 | AL10: =W10/W$25 -> 0.00047571355 | AM10: =X10/X$25 -> 0.00047545278 | AN10: =Y10/Y$25 -> 0.00047527753 | AO10: =Z10/Z$25 -> 0.00047640955 | AP10: =AA10/AA$25 -> 0.00047417073 | AQ10: =AB10/AB$25 -> 0.00047102583 | ... AU10: =AF10/AF$25 -> 0.00044088033
A11: 4 | B11: 1037.08 | C11: 1048.6343 | D11: 1060.71 | E11: 1072.3031 | F11: 1084.6176 | G11: 1098.1905 | H11: 1114.7345 | I11: 1127.1759 | J11: 1139.2226 | K11: 1146.7323 | L11: 1150.6749 | M11: 1150.429 | N11: 1145.7095 | O11: 14376.214 | S11: 5 | T11: 19.466167 | U11: 19.38273 | V11: 19.352618 | W11: 19.396159 | X11: 19.452384 | Y11: 19.670459 | Z11: 19.844378 | AA11: 20.077057 | AB11: 20.261977 | AC11: 20.381885 | AD11: 20.616989 | AE11: 20.962897 | AF11: 21.369836 | AH11: 5 | AI11: =T11/T$6 -> 0.40123095 | AJ11: =U11/U$25 -> 8.7402547e-06 | AK11: =V11/V$25 -> 8.6748731e-06 | AL11: =W11/W$25 -> 8.6048579e-06 | AM11: =X11/X$25 -> 8.5271432e-06 | AN11: =Y11/Y$25 -> 8.5130286e-06 | AO11: =Z11/Z$25 -> 8.4809892e-06 | AP11: =AA11/AA$25 -> 8.4458447e-06 | AQ11: =AB11/AB$25 -> 8.3775679e-06 | ... AU11: =AF11/AF$25 -> 8.2233235e-06
A12: 5 | B12: 19.466167 | C12: 19.38273 | D12: 19.352618 | E12: 19.396159 | F12: 19.452384 | G12: 19.670459 | H12: 19.844378 | I12: 20.077057 | J12: 20.261977 | K12: 20.381885 | L12: 20.616989 | M12: 20.962897 | N12: 21.369836 | O12: 260.23554 | S12: 6 | T12: 36.259809 | U12: 36.102939 | V12: 35.706001 | W12: 35.565998 | X12: 35.392092 | Y12: 35.405459 | Z12: 35.244604 | AA12: 35.394945 | AB12: 35.443116 | AC12: 35.465945 | AD12: 34.87201 | AE12: 34.712925 | AF12: 34.300658 | AH12: 6 | AI12: =T12/T$6 -> 0.7473766 | AJ12: =U12/U$25 -> 1.6279899e-05 | AK12: =V12/V$25 -> 1.6005329e-05 | AL12: =W12/W$25 -> 1.57784e-05 | AM12: =X12/X$25 -> 1.5514471e-05 | AN12: =Y12/Y$25 -> 1.5322859e-05 | AO12: =Z12/Z$25 -> 1.5062659e-05 | AP12: =AA12/AA$25 -> 1.4889643e-05 | AQ12: =AB12/AB$25 -> 1.4654399e-05 | ... AU12: =AF12/AF$25 -> 1.3199231e-05
A13: 6 | B13: 36.259809 | C13: 36.102939 | D13: 35.706001 | E13: 35.565998 | F13: 35.392092 | G13: 35.405459 | H13: 35.244604 | I13: 35.394945 | J13: 35.443116 | K13: 35.465945 | L13: 34.87201 | M13: 34.712925 | N13: 34.300658 | O13: 459.8665 | S13: 7 | T13: 66.546227 | U13: 66.688919 | V13: 66.892943 | W13: 66.992244 | X13: 67.118247 | Y13: 67.778302 | Z13: 68.477159 | AA13: 69.071709 | AB13: 69.546097 | AC13: 69.879463 | AD13: 70.224093 | AE13: 70.62505 | AF13: 70.671362 | AH13: 7 | AI13: =T13/T$6 -> 1.3716314 | AJ13: =U13/U$25 -> 3.0072036e-05 | AK13: =V13/V$25 -> 2.9984976e-05 | AL13: =W13/W$25 -> 2.9720253e-05 | AM13: =X13/X$25 -> 2.9421942e-05 | AN13: =Y13/Y$25 -> 2.9333256e-05 | AO13: =Z13/Z$25 -> 2.9265419e-05 | AP13: =AA13/AA$25 -> 2.9056497e-05 | AQ13: =AB13/AB$25 -> 2.8754704e-05 | ... AU13: =AF13/AF$25 -> 2.7195037e-05
A14: 7 | B14: 66.546227 | C14: 66.688919 | D14: 66.892943 | E14: 66.992244 | F14: 67.118247 | G14: 67.778302 | H14: 68.477159 | I14: 69.071709 | J14: 69.546097 | K14: 69.879463 | L14: 70.224093 | M14: 70.62505 | N14: 70.671362 | O14: 890.51181 | S14: 8 | T14: 46.57348 | U14: 46.53755 | V14: 46.55377 | W14: 46.613077 | X14: 46.636419 | Y14: 46.680967 | Z14: 46.653752 | AA14: 46.727976 | AB14: 46.830691 | AC14: 46.826134 | AD14: 46.905865 | AE14: 47.336592 | AF14: 47.282338 | AH14: 8 | AI14: =T14/T$6 -> 0.95995898 | AJ14: =U14/U$25 -> 2.0985179e-05 | AK14: =V14/V$25 -> 2.0867876e-05 | AL14: =W14/W$25 -> 2.0679296e-05 | AM14: =X14/X$25 -> 2.0443532e-05 | AN14: =Y14/Y$25 -> 2.0202701e-05 | AO14: =Z14/Z$25 -> 1.9938643e-05 | AP14: =AA14/AA$25 -> 1.9657126e-05 | AQ14: =AB14/AB$25 -> 1.9362735e-05 | ... AU14: =AF14/AF$25 -> 1.819471e-05
A15: 8 | B15: 46.57348 | C15: 46.53755 | D15: 46.55377 | E15: 46.613077 | F15: 46.636419 | G15: 46.680967 | H15: 46.653752 | I15: 46.727976 | J15: 46.830691 | K15: 46.826134 | L15: 46.905865 | M15: 47.336592 | N15: 47.282338 | O15: 608.15861 | S15: 9 | T15: 55.43206 | U15: 55.557973 | V15: 55.87984 | W15: 56.371242 | X15: 56.546955 | Y15: 57.062477 | Z15: 57.68034 | AA15: 58.075002 | AB15: 58.726663 | AC15: 58.772254 | AD15: 59.124557 | AE15: 59.997742 | AF15: 60.689689 | AH15: 9 | AI15: =T15/T$6 -> 1.1425495 | AJ15: =U15/U$25 -> 2.5052758e-05 | AK15: =V15/V$25 -> 2.5048317e-05 | AL15: =W15/W$25 -> 2.5008381e-05 | AM15: =X15/X$25 -> 2.4787913e-05 | AN15: =Y15/Y$25 -> 2.4695636e-05 | AO15: =Z15/Z$25 -> 2.4651129e-05 | AP15: =AA15/AA$25 -> 2.4430496e-05 | AQ15: =AB15/AB$25 -> 2.4281273e-05 | ... AU15: =AF15/AF$25 -> 2.3353991e-05
A16: 9 | B16: 55.43206 | C16: 55.557973 | D16: 55.87984 | E16: 56.371242 | F16: 56.546955 | G16: 57.062477 | H16: 57.68034 | I16: 58.075002 | J16: 58.726663 | K16: 58.772254 | L16: 59.124557 | M16: 59.997742 | N16: 60.689689 | O16: 749.91679 | S16: 10 | T16: 64.552907 | U16: 64.216356 | V16: 64.519455 | W16: 64.56296 | X16: 64.41854 | Y16: 64.620211 | Z16: 65.599355 | AA16: 66.003301 | AB16: 66.613612 | AC16: 67.308248 | AD16: 67.208078 | AE16: 68.128058 | AF16: 68.538981 | AH16: 10 | AI16: =T16/T$6 -> 1.3305457 | AJ16: =U16/U$25 -> 2.8957083e-05 | AK16: =V16/V$25 -> 2.8921052e-05 | AL16: =W16/W$25 -> 2.8642532e-05 | AM16: =X16/X$25 -> 2.8238499e-05 | AN16: =Y16/Y$25 -> 2.796649e-05 | AO16: =Z16/Z$25 -> 2.8035518e-05 | AP16: =AA16/AA$25 -> 2.7765705e-05 | AQ16: =AB16/AB$25 -> 2.7542231e-05 | ... AU16: =AF16/AF$25 -> 2.6374476e-05
A17: 10 | B17: 64.552907 | C17: 64.216356 | D17: 64.519455 | E17: 64.56296 | F17: 64.41854 | G17: 64.620211 | H17: 65.599355 | I17: 66.003301 | J17: 66.613612 | K17: 67.308248 | L17: 67.208078 | M17: 68.128058 | N17: 68.538981 | O17: 856.29006 | S17: 11 | T17: 77.841245 | U17: 78.102432 | V17: 78.132061 | W17: 78.264995 | X17: 78.323759 | Y17: 78.78256 | Z17: 79.578133 | AA17: 80.421729 | AB17: 81.377731 | AC17: 82.046253 | AD17: 82.8368 | AE17: 83.44305 | AF17: 83.825155 | AH17: 11 | AI17: =T17/T$6 -> 1.604441 | AJ17: =U17/U$25 -> 3.5218731e-05 | AK17: =V17/V$25 -> 3.5022946e-05 | AL17: =W17/W$25 -> 3.4721265e-05 | AM17: =X17/X$25 -> 3.4333988e-05 | AN17: =Y17/Y$25 -> 3.4095705e-05 | AO17: =Z17/Z$25 -> 3.4009697e-05 | AP17: =AA17/AA$25 -> 3.3831126e-05 | AQ17: =AB17/AB$25 -> 3.364664e-05 | ... AU17: =AF17/AF$25 -> 3.2256746e-05
A18: 11 | B18: 77.841245 | C18: 78.102432 | D18: 78.132061 | E18: 78.264995 | F18: 78.323759 | G18: 78.78256 | H18: 79.578133 | I18: 80.421729 | J18: 81.377731 | K18: 82.046253 | L18: 82.8368 | M18: 83.44305 | N18: 83.825155 | O18: 1042.9759 | S18: 12 | T18: 102.4176 | U18: 102.47302 | V18: 103.09965 | W18: 104.06183 | X18: 105.36677 | Y18: 107.03865 | Z18: 108.11095 | AA18: 109.04529 | AB18: 109.31601 | AC18: 109.66842 | AD18: 109.97514 | AE18: 110.0693 | AF18: 108.53302 | AH18: 12 | AI18: =T18/T$6 -> 2.1110016 | AJ18: =U18/U$25 -> 4.6208162e-05 | AK18: =V18/V$25 -> 4.6214748e-05 | AL18: =W18/W$25 -> 4.61657e-05 | AM18: =X18/X$25 -> 4.6188557e-05 | AN18: =Y18/Y$25 -> 4.6324446e-05 | AO18: =Z18/Z$25 -> 4.6203908e-05 | AP18: =AA18/AA$25 -> 4.5872242e-05 | AQ18: =AB18/AB$25 -> 4.519807e-05 | ... AU18: =AF18/AF$25 -> 4.1764578e-05
... A20: 13 | B20: 72.87571 | C20: 73.111574 | D20: 72.88519 | E20: 72.955773 | F20: 73.023398 | G20: 73.359644 | H20: 74.077291 | I20: 75.036224 | J20: 75.611352 | K20: 76.659936 | L20: 76.800438 | M20: 77.727319 | N20: 78.675444 | O20: 972.79929 | S20: 14 | T20: 7.4070714 | U20: 7.3999403 | V20: 7.3926002 | W20: 7.3842146 | X20: 7.3680816 | Y20: 7.3532041 | Z20: 7.3435595 | AA20: 7.3349619 | AB20: 7.3297138 | AC20: 7.3242567 | AD20: 7.3244384 | AE20: 7.3654423 | AF20: 7.456496 | AH20: 14 | AI20: =T20/T$6 -> 0.15267239 | AJ20: =U20/U$25 -> 3.3368552e-06 | AK20: =V20/V$25 -> 3.3137567e-06 | AL20: =W20/W$25 -> 3.2759125e-06 | AM20: =X20/X$25 -> 3.2298709e-06 | AN20: =Y20/Y$25 -> 3.1823373e-06 | AO20: =Z20/Z$25 -> 3.138453e-06 | AP20: =AA20/AA$25 -> 3.0856091e-06 | AQ20: =AB20/AB$25 -> 3.0305618e-06 | ... AU20: =AF20/AF$25 -> 2.8693332e-06
A21: 14 | B21: 7.4070714 | C21: 7.3999403 | D21: 7.3926002 | E21: 7.3842146 | F21: 7.3680816 | G21: 7.3532041 | H21: 7.3435595 | I21: 7.3349619 | J21: 7.3297138 | K21: 7.3242567 | L21: 7.3244384 | M21: 7.3654423 | N21: 7.456496 | O21: 95.783981 | S21: Grand Total | T21: 61.177249 | U21: 61.199598 | V21: 61.268395 | W21: 61.460989 | X21: 61.609218 | Y21: 62.003933 | Z21: 62.453515 | AA21: 62.934641 | AB21: 63.372895 | AC21: 63.724451 | AD21: 63.7814 | AE21: 64.167468 | AF21: 64.344405 | AH21: Grand Total | AI21: 4411236 | AJ21: 4435278 | AK21: 4461764 | AL21: 4508188 | AM21: 4562462 | AN21: 4621260 | AO21: 4679732 | AP21: 4754304 | AQ21: 4837198 | AR21: 4921678 | AS21: 5002356 | AT21: 5085010 | AU21: 5197372
A22: Grand Total | B22: 9310.0013 | C22: 9501.899 | D22: 9685.0878 | E22: 9862.0381 | F22: 10057.409 | G22: 10330.451 | H22: 10511.843 | I22: 10658.344 | J22: 10819.04 | K22: 10942.844 | L22: 11073.055 | M22: 11079.369 | N22: 11120.32 | O22: 134951.7
S23: Asbolute Population | AH23: Relative Population | AX23: Change in Relative Population
S24: Row Labels | T24: 2010 | U24: 2011 | V24: 2012 | W24: 2013 | X24: 2014 | Y24: 2015 | Z24: 2016 | AA24: 2017 | AB24: 2018 | AC24: 2019 | AD24: 2020 | AE24: 2021 | AF24: 2022 | AH24: Row Labels | AI24: 2010 | AJ24: 2011 | AK24: 2012 | AL24: 2013 | AM24: 2014 | AN24: 2015 | AO24: 2016 | AP24: 2017 | AQ24: 2018 | AR24: 2019 | AS24: 2020 | AT24: 2021 | AU24: 2022 | AV24: Statistically Significant | AX24: Row Labels | AY24: 2010 | AZ24: 2011 | BA24: 2012 | BB24: 2013 | BC24: 2014 | BD24: 2015 | BE24: 2016 | BF24: 2017 | BG24: 2018 | BH24: 2019 | BI24: 2020 | BJ24: 2021 | BK24: 2022
S25: 0 | T25: 2205618 | U25: 2217639 | V25: 2230882 | W25: 2254094 | X25: 2281231 | Y25: 2310630 | Z25: 2339866 | AA25: 2377152 | AB25: 2418599 | AC25: 2460839 | AD25: 2501178 | AE25: 2542505 | AF25: 2598686 | AH25: 0 | AI25: 2205618 | AJ25: 2217639 | AK25: 2230882 | AL25: 2254094 | AM25: 2281231 | AN25: 2310630 | AO25: 2339866 | AP25: 2377152 | AQ25: 2418599 | AR25: 2460839 | AS25: 2501178 | AT25: 2542505 | AU25: 2598686 | AX25: 0 | AY25: 2205618 | AZ25: 2217639 | BA25: 2230882 | BB25: 2254094 | BC25: 2281231 | BD25: 2310630 | BE25: 2339866 | BF25: 2377152 | BG25: 2418599 | BH25: 2460839 | BI25: 2501178 | BJ25: 2542505 | BK25: 2598686
S26: 1 | T26: 29122 | U26: 29172 | V26: 29229 | W26: 29303 | X26: 29383 | Y26: 29493 | Z26: 29568 | AA26: 29638 | AB26: 29781 | AC26: 29990 | AD26: 30150 | AE26: 30305 | AF26: 30560 | AH26: 1 | AI26: =T26/T$25 -> 0.013203556 | AJ26: =U26/U$25 -> 0.013154531 | AK26: =V26/V$25 -> 0.013101993 | AL26: =W26/W$25 -> 0.012999902 | AM26: =X26/X$25 -> 0.012880326 | AN26: =Y26/Y$25 -> 0.012764051 | AO26: =Z26/Z$25 -> 0.012636621 | AP26: =AA26/AA$25 -> 0.012467861 | ... AU26: =AF26/AF$25 -> 0.011759789 | AV26: =IF(AU26>=0.05,TRUE,FALSE) -> FALSE | AX26: 1 | AY26: =AI26/AI$25 -> 5.9863293e-09 | AZ26: =AJ26-AI26 -> -4.9025086e-05 | BA26: =AK26-AJ26 -> -5.2537717e-05 | BB26: =AL26-AK26 -> -0.00010209133 | BC26: =AM26-AL26 -> -0.00011957506 | BD26: =AN26-AM26 -> -0.00011627509 | BE26: =AO26-AN26 -> -0.00012743029 | BF26: =AP26-AO26 -> -0.00016876037 | BG26: =AQ26-AP26 -> -0.00015453385 | ... BK26: =AU26-AT26 -> -0.00015955789
S27: 2 | T27: 229711 | U27: 231927 | V27: 234380 | W27: 237824 | X27: 242034 | Y27: 247119 | Z27: 252440 | AA27: 259283 | AB27: 266003 | AC27: 273682 | AD27: 280355 | AE27: 287033 | AF27: 295314 | AH27: 2 | AI27: =T27/T$25 -> 0.10414813 | AJ27: =U27/U$25 -> 0.10458285 | AK27: =V27/V$25 -> 0.10506159 | AL27: =W27/W$25 -> 0.10550758 | AM27: =X27/X$25 -> 0.10609798 | AN27: =Y27/Y$25 -> 0.10694875 | AO27: =Z27/Z$25 -> 0.10788652 | AP27: =AA27/AA$25 -> 0.10907296 | ... AU27: =AF27/AF$25 -> 0.11363974 | AV27: =IF(AU27>=0.05,TRUE,FALSE) -> TRUE | AX27: 2 | AY27: =AI27/AI$25 -> 4.721948e-08 | AZ27: =AJ27-AI27 -> 0.00043471245 | BA27: =AK27-AJ27 -> 0.00047873861 | BB27: =AL27-AK27 -> 0.00044599315 | BC27: =AM27-AL27 -> 0.0005904009 | BD27: =AN27-AM27 -> 0.00085077468 | BE27: =AO27-AN27 -> 0.00093776576 | BF27: =AP27-AO27 -> 0.0011864379 | BG27: =AQ27-AP27 -> 0.0009093087 | ... BK27: =AU27-AT27 -> 0.00074595952
S28: 3 | T28: 955926 | U28: 961340 | V28: 967223 | W28: 980761 | X28: 996405 | Y28: 1011790 | Z28: 1027740 | AA28: 1048165 | AB28: 1072231 | AC28: 1094623 | AD28: 1116013 | AE28: 1135106 | AF28: 1161763 | AH28: 3 | AI28: =T28/T$25 -> 0.43340506 | AJ28: =U28/U$25 -> 0.43349707 | AK28: =V28/V$25 -> 0.43356081 | AL28: =W28/W$25 -> 0.43510209 | AM28: =X28/X$25 -> 0.43678391 | AN28: =Y28/Y$25 -> 0.43788491 | AO28: =Z28/Z$25 -> 0.43923028 | AP28: =AA28/AA$25 -> 0.4409331 | ... AU28: =AF28/AF$25 -> 0.44705786 | AV28: =IF(AU28>=0.05,TRUE,FALSE) -> TRUE | AX28: 3 | AY28: =AI28/AI$25 -> 1.9650051e-07 | AZ28: =AJ28-AI28 -> 9.2006762e-05 | BA28: =AK28-AJ28 -> 6.3740868e-05 | BB28: =AL28-AK28 -> 0.0015412785 | BC28: =AM28-AL28 -> 0.0016818265 | BD28: =AN28-AM28 -> 0.001100994 | BE28: =AO28-AN28 -> 0.0013453749 | BF28: =AP28-AO28 -> 0.0017028191 | BG28: =AQ28-AP28 -> 0.0023942149 | ... BK28: =AU28-AT28 -> 0.00060603319
S29: 4 | T29: 510346 | U29: 512995 | V29: 516486 | W29: 520899 | X29: 526226 | Y29: 532837 | Z29: 538380 | AA29: 545153 | AB29: 551434 | AC29: 558459 | AD29: 564807 | AE29: 574426 | AF29: 586730 | AH29: 4 | AI29: =T29/T$25 -> 0.23138458 | AJ29: =U29/U$25 -> 0.23132485 | AK29: =V29/V$25 -> 0.2315165 | AL29: =W29/W$25 -> 0.23109019 | AM29: =X29/X$25 -> 0.23067633 | AN29: =Y29/Y$25 -> 0.23060248 | AO29: =Z29/Z$25 -> 0.2300901 | AP29: =AA29/AA$25 -> 0.22933031 | ... AU29: =AF29/AF$25 -> 0.22577949 | AV29: =IF(AU29>=0.05,TRUE,FALSE) -> TRUE | AX29: 4 | AY29: =AI29/AI$25 -> 1.0490692e-07 | AZ29: =AJ29-AI29 -> -5.9736533e-05 | BA29: =AK29-AJ29 -> 0.00019165741 | BB29: =AL29-AK29 -> -0.0004263181 | BC29: =AM29-AL29 -> -0.00041385303 | BD29: =AN29-AM29 -> -7.3855827e-05 | BE29: =AO29-AN29 -> -0.0005123772 | BF29: =AP29-AO29 -> -0.00075979131 | BG29: =AQ29-AP29 -> -0.0013330251 | ... BK29: =AU29-AT29 -> -0.00014966245
S30: 5 | T30: 15436 | U30: 15447 | V30: 15454 | W30: 15492 | X30: 15574 | Y30: 15672 | Z30: 15815 | AA30: 15920 | AB30: 16102 | AC30: 16335 | AD30: 16558 | AE30: 16874 | AF30: 17314 | AH30: 5 | AI30: =T30/T$25 -> 0.006998492 | AJ30: =U30/U$25 -> 0.006965516 | AK30: =V30/V$25 -> 0.006927305 | AL30: =W30/W$25 -> 0.0068728278 | AM30: =X30/X$25 -> 0.0068270158 | AN30: =Y30/Y$25 -> 0.0067825658 | AO30: =Z30/Z$25 -> 0.0067589341 | AP30: =AA30/AA$25 -> 0.0066970896 | ... AU30: =AF30/AF$25 -> 0.0066625979 | AV30: =IF(AU30>=0.05,TRUE,FALSE) -> FALSE | AX30: 5 | AY30: =AI30/AI$25 -> 3.17303e-09 | AZ30: =AJ30-AI30 -> -3.2976004e-05 | BA30: =AK30-AJ30 -> -3.8211043e-05 | BB30: =AL30-AK30 -> -5.4477144e-05 | BC30: =AM30-AL30 -> -4.5812077e-05 | BD30: =AN30-AM30 -> -4.4449971e-05 | BE30: =AO30-AN30 -> -2.3631735e-05 | BF30: =AP30-AO30 -> -6.1844432e-05 | BG30: =AQ30-AP30 -> -3.9516379e-05 | ... BK30: =AU30-AT30 -> 2.5836167e-05
S31: 6 | T31: 20382 | U31: 20404 | V31: 20420 | W31: 20433 | X31: 20451 | Y31: 20453 | Z31: 20471 | AA31: 20485 | AB31: 20483 | AC31: 20487 | AD31: 20512 | AE31: 20572 | AF31: 20647 | AH31: 6 | AI31: =T31/T$25 -> 0.0092409474 | AJ31: =U31/U$25 -> 0.0092007761 | AK31: =V31/V$25 -> 0.0091533304 | AL31: =W31/W$25 -> 0.0090648394 | AM31: =X31/X$25 -> 0.0089648966 | AN31: =Y31/Y$25 -> 0.0088516985 | AO31: =Z31/Z$25 -> 0.0087487916 | AP31: =AA31/AA$25 -> 0.0086174548 | ... AU31: =AF31/AF$25 -> 0.0079451692 | AV31: =IF(AU31>=0.05,TRUE,FALSE) -> FALSE | AX31: 6 | AY31: =AI31/AI$25 -> 4.1897316e-09 | AZ31: =AJ31-AI31 -> -4.0171294e-05 | BA31: =AK31-AJ31 -> -4.7445754e-05 | BB31: =AL31-AK31 -> -8.8491032e-05 | BC31: =AM31-AL31 -> -9.994277e-05 | BD31: =AN31-AM31 -> -0.00011319813 | BE31: =AO31-AN31 -> -0.00010290686 | BF31: =AP31-AO31 -> -0.00013133676 | BG31: =AQ31-AP31 -> -0.00014850236 | ... BK31: =AU31-AT31 -> -0.00014606365
S32: 7 | T32: 69614 | U32: 69825 | V32: 69927 | W32: 70176 | X32: 70410 | Y32: 70455 | Z32: 70696 | AA32: 70831 | AB32: 71066 | AC32: 71576 | AD32: 72144 | AE32: 73047 | AF32: 73971 | AH32: 7 | AI32: =T32/T$25 -> 0.031562129 | AJ32: =U32/U$25 -> 0.031486189 | AK32: =V32/V$25 -> 0.031345002 | AL32: =W32/W$25 -> 0.031132686 | AM32: =X32/X$25 -> 0.030864915 | AN32: =Y32/Y$25 -> 0.030491684 | AO32: =Z32/Z$25 -> 0.030213696 | AP32: =AA32/AA$25 -> 0.02979658 | ... AU32: =AF32/AF$25 -> 0.02846477 | AV32: =IF(AU32>=0.05,TRUE,FALSE) -> FALSE | AX32: 7 | AY32: =AI32/AI$25 -> 1.430988e-08 | AZ32: =AJ32-AI32 -> -7.5940382e-05 | BA32: =AK32-AJ32 -> -0.00014118703 | BB32: =AL32-AK32 -> -0.00021231598 | BC32: =AM32-AL32 -> -0.00026777108 | BD32: =AN32-AM32 -> -0.00037323051 | BE32: =AO32-AN32 -> -0.00027798809 | BF32: =AP32-AO32 -> -0.00041711589 | BG32: =AQ32-AP32 -> -0.00041345376 | ... BK32: =AU32-AT32 -> -0.00026555671
S33: 8 | T33: 23206 | U33: 23389 | V33: 23511 | W33: 23671 | X33: 23795 | Y33: 23929 | Z33: 24042 | AA33: 24211 | AB33: 24476 | AC33: 24763 | AD33: 25019 | AE33: 25290 | AF33: 25611 | AH33: 8 | AI33: =T33/T$25 -> 0.010521314 | AJ33: =U33/U$25 -> 0.010546802 | AK33: =V33/V$25 -> 0.010538881 | AL33: =W33/W$25 -> 0.010501337 | AM33: =X33/X$25 -> 0.010430772 | AN33: =Y33/Y$25 -> 0.01035605 | AO33: =Z33/Z$25 -> 0.010274947 | AP33: =AA33/AA$25 -> 0.010184877 | ... AU33: =AF33/AF$25 -> 0.0098553654 | AV33: =IF(AU33>=0.05,TRUE,FALSE) -> FALSE | AX33: 8 | AY33: =AI33/AI$25 -> 4.7702341e-09 | AZ33: =AJ33-AI33 -> 2.5488045e-05 | BA33: =AK33-AJ33 -> -7.9212178e-06 | BB33: =AL33-AK33 -> -3.7544356e-05 | BC33: =AM33-AL33 -> -7.0564872e-05 | BD33: =AN33-AM33 -> -7.4721725e-05 | BE33: =AO33-AN33 -> -8.1102713e-05 | BF33: =AP33-AO33 -> -9.0070676e-05 | BG33: =AQ33-AP33 -> -6.4968432e-05 | ... BK33: =AU33-AT33 -> -9.1517728e-05
S34: 9 | T34: 48403 | U34: 48623 | V34: 48809 | W34: 48995 | X34: 49288 | Y34: 49634 | Z34: 50042 | AA34: 50409 | AB34: 51164 | AC34: 51711 | AD34: 52226 | AE34: 52673 | AF34: 53335 | AH34: 9 | AI34: =T34/T$25 -> 0.021945323 | AJ34: =U34/U$25 -> 0.02192557 | AK34: =V34/V$25 -> 0.021878791 | AL34: =W34/W$25 -> 0.021736006 | AM34: =X34/X$25 -> 0.021605879 | AN34: =Y34/Y$25 -> 0.021480722 | AO34: =Z34/Z$25 -> 0.021386695 | AP34: =AA34/AA$25 -> 0.021205628 | ... AU34: =AF34/AF$25 -> 0.020523834 | AV34: =IF(AU34>=0.05,TRUE,FALSE) -> FALSE | AX34: 9 | AY34: =AI34/AI$25 -> 9.9497389e-09 | AZ34: =AJ34-AI34 -> -1.9752868e-05 | BA34: =AK34-AJ34 -> -4.6779852e-05 | BB34: =AL34-AK34 -> -0.00014278486 | BC34: =AM34-AL34 -> -0.00013012711 | BD34: =AN34-AM34 -> -0.00012515687 | BE34: =AO34-AN34 -> -9.4026914e-05 | BF34: =AP34-AO34 -> -0.00018106722 | BG34: =AQ34-AP34 -> -5.1231993e-05 | ... BK34: =AU34-AT34 -> -0.00019313611
S35: 10 | T35: 53731 | U35: 53902 | V35: 54069 | W35: 54196 | X35: 54380 | Y35: 54668 | Z35: 54904 | AA35: 55269 | AB35: 55854 | AC35: 56467 | AD35: 57265 | AE35: 57944 | AF35: 59014 | AH35: 10 | AI35: =T35/T$25 -> 0.024360973 | AJ35: =U35/U$25 -> 0.02430603 | AK35: =V35/V$25 -> 0.024236602 | AL35: =W35/W$25 -> 0.024043363 | AM35: =X35/X$25 -> 0.023838007 | AN35: =Y35/Y$25 -> 0.023659348 | AO35: =Z35/Z$25 -> 0.023464592 | AP35: =AA35/AA$25 -> 0.023250091 | ... AU35: =AF35/AF$25 -> 0.022709169 | AV35: =IF(AU35>=0.05,TRUE,FALSE) -> FALSE | AX35: 10 | AY35: =AI35/AI$25 -> 1.1044965e-08 | AZ35: =AJ35-AI35 -> -5.4942781e-05 | BA35: =AK35-AJ35 -> -6.9427587e-05 | BB35: =AL35-AK35 -> -0.00019323951 | BC35: =AM35-AL35 -> -0.00020535612 | BD35: =AN35-AM35 -> -0.00017865844 | BE35: =AO35-AN35 -> -0.00019475675 | BF35: =AP35-AO35 -> -0.0002145007 | BG35: =AQ35-AP35 -> -0.00015655614 | ... BK35: =AU35-AT35 -> -8.0953168e-05
S36: 11 | T36: 110611 | U36: 110970 | V36: 111257 | W36: 111727 | X36: 112173 | Y36: 112812 | Z36: 113346 | AA36: 114117 | AB36: 115047 | AC36: 116188 | AD36: 117805 | AE36: 119447 | AF36: 121622 | AH36: 11 | AI36: =T36/T$25 -> 0.050149663 | AJ36: =U36/U$25 -> 0.050039704 | AK36: =V36/V$25 -> 0.049871307 | AL36: =W36/W$25 -> 0.049566256 | AM36: =X36/X$25 -> 0.049172136 | AN36: =Y36/Y$25 -> 0.048823048 | AO36: =Z36/Z$25 -> 0.048441236 | AP36: =AA36/AA$25 -> 0.048005765 | ... AU36: =AF36/AF$25 -> 0.046801345 | AV36: =IF(AU36>=0.05,TRUE,FALSE) -> FALSE | AX36: 11 | AY36: =AI36/AI$25 -> 2.2737239e-08 | AZ36: =AJ36-AI36 -> -0.00010995888 | BA36: =AK36-AJ36 -> -0.00016839788 | BB36: =AL36-AK36 -> -0.00030505062 | BC36: =AM36-AL36 -> -0.00039412032 | BD36: =AN36-AM36 -> -0.00034908731 | BE36: =AO36-AN36 -> -0.00038181274 | BF36: =AP36-AO36 -> -0.00043547064 | BG36: =AQ36-AP36 -> -0.00043814412 | ... BK36: =AU36-AT36 -> -0.00017870028
S37: 12 | T37: 89695 | U37: 89937 | V37: 90193 | W37: 90422 | X37: 90786 | Y37: 91260 | Z37: 91674 | AA37: 92526 | AB37: 93345 | AC37: 94527 | AD37: 95774 | AE37: 96568 | AF37: 98468 | AH37: 12 | AI37: =T37/T$25 -> 0.040666607 | AJ37: =U37/U$25 -> 0.040555293 | AK37: =V37/V$25 -> 0.040429301 | AL37: =W37/W$25 -> 0.040114565 | AM37: =X37/X$25 -> 0.039796934 | AN37: =Y37/Y$25 -> 0.039495722 | AO37: =Z37/Z$25 -> 0.039179167 | AP37: =AA37/AA$25 -> 0.038923047 | ... AU37: =AF37/AF$25 -> 0.037891457 | AV37: =IF(AU37>=0.05,TRUE,FALSE) -> FALSE | AX37: 12 | AY37: =AI37/AI$25 -> 1.8437738e-08 | AZ37: =AJ37-AI37 -> -0.00011131355 | BA37: =AK37-AJ37 -> -0.00012599221 | BB37: =AL37-AK37 -> -0.00031473618 | BC37: =AM37-AL37 -> -0.00031763068 | BD37: =AN37-AM37 -> -0.00030121225 | BE37: =AO37-AN37 -> -0.00031655528 | BF37: =AP37-AO37 -> -0.00025611926 | BG37: =AQ37-AP37 -> -0.00032838993 | ... BK37: =AU37-AT37 -> -8.9982113e-05
... S39: 14 | T39: 12093 | U39: 12186 | V39: 12291 | W39: 12438 | X39: 12484 | Y39: 12502 | Z39: 12533 | AA39: 12569 | AB39: 12626 | AC39: 12701 | AD39: 12775 | AE39: 12816 | AF39: 12902 | AH39: 14 | AI39: =T39/T$25 -> 0.0054828171 | AJ39: =U39/U$25 -> 0.0054950332 | AK39: =V39/V$25 -> 0.0055094801 | AL39: =W39/W$25 -> 0.0055179598 | AM39: =X39/X$25 -> 0.0054724839 | AN39: =Y39/Y$25 -> 0.0054106456 | AO39: =Z39/Z$25 -> 0.0053562896 | AP39: =AA39/AA$25 -> 0.0052874196 | ... AU39: =AF39/AF$25 -> 0.0049648168 | AV39: =IF(AU39>=0.05,TRUE,FALSE) -> FALSE | AX39: 14 | AY39: =AI39/AI$25 -> 2.4858416e-09 | AZ39: =AJ39-AI39 -> 1.221617e-05 | BA39: =AK39-AJ39 -> 1.4446876e-05 | BB39: =AL39-AK39 -> 8.4796587e-06 | BC39: =AM39-AL39 -> -4.547583e-05 | BD39: =AN39-AM39 -> -6.1838354e-05 | BE39: =AO39-AN39 -> -5.4355948e-05 | BF39: =AP39-AO39 -> -6.8870066e-05 | BG39: =AQ39-AP39 -> -6.7041985e-05 | ... BK39: =AU39-AT39 -> -7.5881217e-05
AX40: Grand Total | AY40: 4411236 | AZ40: 4435278 | BA40: 4461764 | BB40: 4508188 | BC40: 4562462 | BD40: 4621260 | BE40: 4679732 | BF40: 4754304 | BG40: 4837198 | BH40: 4921678 | BI40: 5002356 | BJ40: 5085010 | BK40: 5197372

Sheet PLOTS
B1: Population Density (individual/sq. mi.) | C1: =COUNTY_PIVOT!AW72 -> Change in Population (3-year rolling avg, 2010 baseline) | G1: =COUNTY_PIVOT!AW141 -> Change in Housing (3-year rolling avg, 2010 baseline)
A2: County | B2: =COUNTY_PIVOT!AE4 -> 2022 | C2: =COUNTY_PIVOT!BH73 -> CY 20-22 | D2: =COUNTY_PIVOT!BI73 -> CY 20-22 - Std Devs | E2: =COUNTY_PIVOT!BJ73 -> >1% Dev | F2: =COUNTY_PIVOT!BK73 -> <- 1% Dev | G2: {=COUNTY_PIVOT!BH142:BL142} -> CY 20-22 | H2: CY 20-22 - Std Devs | I2: >1% Dev | J2: <- 1% Dev | K2: Stratum | L2: Notes | N2: Strata | O2: Significant Pos Deviance (Rolling Population) | P2: Significant Neg Deviance (Rolling Population) | Q2: Significant Pos Deviance (Rolling Housing) | R2: Significant Neg Deviance (Rolling Housing)
A3: Arapahoe County | B3: 815.52318 | C3: 0.0011271964 | D3: =_xlfn.XLOOKUP(PLOTS!A3,COUNTY_PIVOT!$AW$74:$AW$138,COUNTY_PIVOT!$BI$74:$BI$138) -> -0.18873227 | E3: =_xlfn.XLOOKUP(PLOTS!A3,COUNTY_PIVOT!$AW$74:$AW$138,COUNTY_PIVOT!$BJ$74:$BJ$138) -> FALSE | F3: =_xlfn.XLOOKUP(PLOTS!A3,COUNTY_PIVOT!$AW$74:$AW$138,COUNTY_PIVOT!$BK$74:$BK$138) -> FALSE | G3: 0.013913231 | H3: 0.17380413 | I3: FALSE | J3: FALSE | K3: Large | L3: -- | M3: =COUNTA(L3:L66)-COUNTIF(L3:L66,"--") -> 29 | N3: Large | O3: =COUNTIFS($K$3:$K$66,N3,$E$3:$E$66,TRUE) -> 0 | P3: =COUNTIFS($K$3:$K$66,N3,$F$3:$F$66,TRUE) -> 0 | Q3: =COUNTIFS($K$3:$K$66,N3,$I$3:$I$66,TRUE) -> 2 | R3: =COUNTIFS($K$3:$K$66,N3,$J$3:$J$66,TRUE) -> 0 | X3: =_xlfn.CONCAT(A3," CO") -> Arapahoe County CO
A4: Denver County | B4: 4578.1639 | C4: 0.001199506 | D4: -0.18357868 | E4: =_xlfn.XLOOKUP(PLOTS!A4,COUNTY_PIVOT!$AW$74:$AW$138,COUNTY_PIVOT!$BJ$74:$BJ$138) -> FALSE | F4: =_xlfn.XLOOKUP(PLOTS!A4,COUNTY_PIVOT!$AW$74:$AW$138,COUNTY_PIVOT!$BK$74:$BK$138) -> FALSE | G4: 0.021530493 | H4: 1.0400644 | I4: TRUE | J4: FALSE | K4: Large | L4: high_house | M4: =SUM(O3:R6) -> 37 | N4: Medium | O4: =COUNTIFS($K$3:$K$66,N4,$E$3:$E$66,TRUE) -> 2 | P4: =COUNTIFS($K$3:$K$66,N4,$F$3:$F$66,TRUE) -> 0 | Q4: =COUNTIFS($K$3:$K$66,N4,$I$3:$I$66,TRUE) -> 3 | R4: =COUNTIFS($K$3:$K$66,N4,$J$3:$J$66,TRUE) -> 0 | X4: =_xlfn.CONCAT(A4," CO") -> Denver County CO
A5: El Paso County | B5: 347.90567 | C5: 0.006871819 | D5: 0.22069413 | E5: =_xlfn.XLOOKUP(PLOTS!A5,COUNTY_PIVOT!$AW$74:$AW$138,COUNTY_PIVOT!$BJ$74:$BJ$138) -> FALSE | F5: =_xlfn.XLOOKUP(PLOTS!A5,COUNTY_PIVOT!$AW$74:$AW$138,COUNTY_PIVOT!$BK$74:$BK$138) -> FALSE | G5: 0.022684848 | H5: 1.1713415 | I5: TRUE | J5: FALSE | K5: Large | L5: high_house | N5: Small | O5: =COUNTIFS($K$3:$K$66,N5,$E$3:$E$66,TRUE) -> 1 | P5: =COUNTIFS($K$3:$K$66,N5,$F$3:$F$66,TRUE) -> 1 | Q5: =COUNTIFS($K$3:$K$66,N5,$I$3:$I$66,TRUE) -> 3 | R5: =COUNTIFS($K$3:$K$66,N5,$J$3:$J$66,TRUE) -> 2 | X5: =_xlfn.CONCAT(A5," CO") -> El Paso County CO
A6: Adams County | B6: 446.16888 | C6: 0.0070620308 | D6: 0.23425076 | E6: =_xlfn.XLOOKUP(PLOTS!A6,COUNTY_PIVOT!$AW$74:$AW$138,COUNTY_PIVOT!$BJ$74:$BJ$138) -> FALSE | F6: =_xlfn.XLOOKUP(PLOTS!A6,COUNTY_PIVOT!$AW$74:$AW$138,COUNTY_PIVOT!$BK$74:$BK$138) -> FALSE | G6: 0.023038901 | H6: 1.2116056 | I6: TRUE | J6: FALSE | K6: Medium | L6: high_house | N6: Tiny | O6: =COUNTIFS($K$3:$K$66,N6,$E$3:$E$66,TRUE) -> 5 | P6: =COUNTIFS($K$3:$K$66,N6,$F$3:$F$66,TRUE) -> 7 | Q6: =COUNTIFS($K$3:$K$66,N6,$I$3:$I$66,TRUE) -> 3 | R6: =COUNTIFS($K$3:$K$66,N6,$J$3:$J$66,TRUE) -> 8 | X6: =_xlfn.CONCAT(A6," CO") -> Adams County CO
A7: Douglas County | B7: 446.42764 | C7: 0.02302604 | D7: 1.3720256 | E7: =_xlfn.XLOOKUP(PLOTS!A7,COUNTY_PIVOT!$AW$74:$AW$138,COUNTY_PIVOT!$BJ$74:$BJ$138) -> TRUE | F7: =_xlfn.XLOOKUP(PLOTS!A7,COUNTY_PIVOT!$AW$74:$AW$138,COUNTY_PIVOT!$BK$74:$BK$138) -> FALSE | G7: 0.032484888 | H7: 2.2858347 | I7: TRUE | J7: FALSE | K7: Medium | L7: high_pop-high_house | X7: =_xlfn.CONCAT(A7," CO") -> Douglas County CO
A8: Jefferson County | B8: 745.21058 | C8: -0.003802251 | D8: -0.54006013 | E8: =_xlfn.XLOOKUP(PLOTS!A8,COUNTY_PIVOT!$AW$74:$AW$138,COUNTY_PIVOT!$BJ$74:$BJ$138) -> FALSE | F8: =_xlfn.XLOOKUP(PLOTS!A8,COUNTY_PIVOT!$AW$74:$AW$138,COUNTY_PIVOT!$BK$74:$BK$138) -> FALSE | G8: 0.010116944 | H8: -0.25792232 | I8: FALSE | J8: FALSE | K8: Medium | L8: low_pop | X8: =_xlfn.CONCAT(A8," CO") -> Jefferson County CO
A9: Larimer County | B9: 139.39128 | C9: 0.0092967614 | D9: 0.39352279 | E9: =_xlfn.XLOOKUP(PLOTS!A9,COUNTY_PIVOT!$AW$74:$AW$138,COUNTY_PIVOT!$BJ$74:$BJ$138) -> FALSE | F9: =_xlfn.XLOOKUP(PLOTS!A9,COUNTY_PIVOT!$AW$74:$AW$138,COUNTY_PIVOT!$BK$74:$BK$138) -> FALSE | G9: 0.018607286 | H9: 0.70762765 | I9: FALSE | J9: FALSE | K9: Medium | L9: -- | X9: =_xlfn.CONCAT(A9," CO") -> Larimer County CO
A10: Weld County | B10: 87.249616 | C10: 0.028031012 | D10: 1.7287362 | E10: =_xlfn.XLOOKUP(PLOTS!A10,COUNTY_PIVOT!$AW$74:$AW$138,COUNTY_PIVOT!$BJ$74:$BJ$138) -> TRUE | F10: =_xlfn.XLOOKUP(PLOTS!A10,COUNTY_PIVOT!$AW$74:$AW$138,COUNTY_PIVOT!$BK$74:$BK$138) -> FALSE | G10: 0.035020753 | H10: 2.5742216 | I10: TRUE | J10: FALSE | K10: Medium | L10: high_pop-high_house | X10: =_xlfn.CONCAT(A10," CO") -> Weld County CO
A11: Boulder County | B11: 442.17805 | C11: -0.0013956902 | D11: -0.36854154 | E11: =_xlfn.XLOOKUP(PLOTS!A11,COUNTY_PIVOT!$AW$74:$AW$138,COUNTY_PIVOT!$BJ$74:$BJ$138) -> FALSE | F11: =_xlfn.XLOOKUP(PLOTS!A11,COUNTY_PIVOT!$AW$74:$AW$138,COUNTY_PIVOT!$BK$74:$BK$138) -> FALSE | G11: 0.010647361 | H11: -0.19760147 | I11: FALSE | J11: FALSE | K11: Small | L11: -- | X11: =_xlfn.CONCAT(A11," CO") -> Boulder County CO
A12: Broomfield County | B12: 2268.5433 | C12: 0.015763219 | D12: 0.85439525 | E12: =_xlfn.XLOOKUP(PLOTS!A12,COUNTY_PIVOT!$AW$74:$AW$138,COUNTY_PIVOT!$BJ$74:$BJ$138) -> FALSE | F12: =_xlfn.XLOOKUP(PLOTS!A12,COUNTY_PIVOT!$AW$74:$AW$138,COUNTY_PIVOT!$BK$74:$BK$138) -> FALSE | G12: 0.027935192 | H12: 1.7684281 | I12: TRUE | J12: FALSE | K12: Small | L12: high_house | N12: Large County | X12: =_xlfn.CONCAT(A12," CO") -> Broomfield County CO
A13: Chaffee County | B13: 19.978898 | C13: 0.014777597 | D13: 0.78414879 | E13: =_xlfn.XLOOKUP(PLOTS!A13,COUNTY_PIVOT!$AW$74:$AW$138,COUNTY_PIVOT!$BJ$74:$BJ$138) -> FALSE | F13: =_xlfn.XLOOKUP(PLOTS!A13,COUNTY_PIVOT!$AW$74:$AW$138,COUNTY_PIVOT!$BK$74:$BK$138) -> FALSE | G13: 0.032849786 | H13: 2.3273321 | I13: TRUE | J13: FALSE | K13: Small | L13: high_house | N13: Medium County | X13: =_xlfn.CONCAT(A13," CO") -> Chaffee County CO
A14: Delta County | B14: 27.475118 | C14: 0.0036822161 | D14: -0.0066328352 | E14: =_xlfn.XLOOKUP(PLOTS!A14,COUNTY_PIVOT!$AW$74:$AW$138,COUNTY_PIVOT!$BJ$74:$BJ$138) -> FALSE | F14: =_xlfn.XLOOKUP(PLOTS!A14,COUNTY_PIVOT!$AW$74:$AW$138,COUNTY_PIVOT!$BK$74:$BK$138) -> FALSE | G14: 0.0079382227 | H14: -0.50569369 | I14: FALSE | J14: FALSE | K14: Small | L14: -- | N14: Small County | X14: =_xlfn.CONCAT(A14," CO") -> Delta County CO
A15: Eagle County | B15: 32.509584 | C15: 0.0029111366 | D15: -0.061588632 | E15: =_xlfn.XLOOKUP(PLOTS!A15,COUNTY_PIVOT!$AW$74:$AW$138,COUNTY_PIVOT!$BJ$74:$BJ$138) -> FALSE | F15: =_xlfn.XLOOKUP(PLOTS!A15,COUNTY_PIVOT!$AW$74:$AW$138,COUNTY_PIVOT!$BK$74:$BK$138) -> FALSE | G15: 0.017146169 | H15: 0.54146459 | I15: FALSE | J15: FALSE | K15: Small | L15: -- | N15: Tiny County | X15: =_xlfn.CONCAT(A15," CO") -> Eagle County CO
A16: Elbert County | B16: 15.045861 | C16: 0.027242168 | D16: 1.6725143 | E16: =_xlfn.XLOOKUP(PLOTS!A16,COUNTY_PIVOT!$AW$74:$AW$138,COUNTY_PIVOT!$BJ$74:$BJ$138) -> TRUE | F16: =_xlfn.XLOOKUP(PLOTS!A16,COUNTY_PIVOT!$AW$74:$AW$138,COUNTY_PIVOT!$BK$74:$BK$138) -> FALSE | G16: 0.029550936 | H16: 1.9521759 | I16: TRUE | J16: FALSE | K16: Small | L16: high_pop-high_house | X16: =_xlfn.CONCAT(A16," CO") -> Elbert County CO
A17: Fremont County | B17: 32.333392 | C17: 0.0081409298 | D17: 0.31114524 | E17: =_xlfn.XLOOKUP(PLOTS!A17,COUNTY_PIVOT!$AW$74:$AW$138,COUNTY_PIVOT!$BJ$74:$BJ$138) -> FALSE | F17: =_xlfn.XLOOKUP(PLOTS!A17,COUNTY_PIVOT!$AW$74:$AW$138,COUNTY_PIVOT!$BK$74:$BK$138) -> FALSE | G17: 0.0081876804 | H17: -0.47732453 | I17: FALSE | J17: FALSE | K17: Small | L17: -- | X17: =_xlfn.CONCAT(A17," CO") -> Fremont County CO
A18: Garfield County | B18: 21.044341 | C18: 0.0092816357 | D18: 0.39244477 | E18: =_xlfn.XLOOKUP(PLOTS!A18,COUNTY_PIVOT!$AW$74:$AW$138,COUNTY_PIVOT!$BJ$74:$BJ$138) -> FALSE | F18: =_xlfn.XLOOKUP(PLOTS!A18,COUNTY_PIVOT!$AW$74:$AW$138,COUNTY_PIVOT!$BK$74:$BK$138) -> FALSE | G18: 0.016171695 | H18: 0.4306441 | I18: FALSE | J18: FALSE | K18: Small | L18: -- | X18: =_xlfn.CONCAT(A18," CO") -> Garfield County CO
A19: La Plata County | B19: 33.260215 | C19: 0.0062573285 | D19: 0.17689863 | E19: =_xlfn.XLOOKUP(PLOTS!A19,COUNTY_PIVOT!$AW$74:$AW$138,COUNTY_PIVOT!$BJ$74:$BJ$138) -> FALSE | F19: =_xlfn.XLOOKUP(PLOTS!A19,COUNTY_PIVOT!$AW$74:$AW$138,COUNTY_PIVOT!$BK$74:$BK$138) -> FALSE | G19: 0.011344878 | H19: -0.11827756 | I19: FALSE | J19: FALSE | K19: Small | L19: -- | X19: =_xlfn.CONCAT(A19," CO") -> La Plata County CO
A20: Logan County | B20: 11.276696 | C20: -0.010898969 | D20: -1.0458521 | E20: =_xlfn.XLOOKUP(PLOTS!A20,COUNTY_PIVOT!$AW$74:$AW$138,COUNTY_PIVOT!$BJ$74:$BJ$138) -> FALSE | F20: =_xlfn.XLOOKUP(PLOTS!A20,COUNTY_PIVOT!$AW$74:$AW$138,COUNTY_PIVOT!$BK$74:$BK$138) -> TRUE | G20: 0.0022302345 | H20: -1.1548251 | I20: FALSE | J20: TRUE | K20: Small | L20: low_pop-low_house | X20: =_xlfn.CONCAT(A20," CO") -> Logan County CO
A21: Mesa County | B21: 47.384545 | C21: 0.0073079461 | D21: 0.25177746 | E21: =_xlfn.XLOOKUP(PLOTS!A21,COUNTY_PIVOT!$AW$74:$AW$138,COUNTY_PIVOT!$BJ$74:$BJ$138) -> FALSE | F21: =_xlfn.XLOOKUP(PLOTS!A21,COUNTY_PIVOT!$AW$74:$AW$138,COUNTY_PIVOT!$BK$74:$BK$138) -> FALSE | G21: 0.016884912 | H21: 0.51175355 | I21: FALSE | J21: FALSE | K21: Small | L21: low_pop | X21: =_xlfn.CONCAT(A21," CO") -> Mesa County CO
A22: Montezuma County | B22: 12.999312 | C22: 0.0094122816 | D22: 0.40175606 | E22: =_xlfn.XLOOKUP(PLOTS!A22,COUNTY_PIVOT!$AW$74:$AW$138,COUNTY_PIVOT!$BJ$74:$BJ$138) -> FALSE | F22: =_xlfn.XLOOKUP(PLOTS!A22,COUNTY_PIVOT!$AW$74:$AW$138,COUNTY_PIVOT!$BK$74:$BK$138) -> FALSE | G22: 0.0033722302 | H22: -1.0249535 | I22: FALSE | J22: TRUE | K22: Small | L22: low_house | X22: =_xlfn.CONCAT(A22," CO") -> Montezuma County CO
A23: Montrose County | B23: 19.497158 | C23: 0.010081021 | D23: 0.44941797 | E23: =_xlfn.XLOOKUP(PLOTS!A23,COUNTY_PIVOT!$AW$74:$AW$138,COUNTY_PIVOT!$BJ$74:$BJ$138) -> FALSE | F23: =_xlfn.XLOOKUP(PLOTS!A23,COUNTY_PIVOT!$AW$74:$AW$138,COUNTY_PIVOT!$BK$74:$BK$138) -> FALSE | G23: 0.017470224 | H23: 0.57831715 | I23: FALSE | J23: FALSE | K23: Small | L23: -- | X23: =_xlfn.CONCAT(A23," CO") -> Montrose County CO
A24: Morgan County | B24: 22.642851 | C24: 0.0019115371 | D24: -0.13283134 | E24: =_xlfn.XLOOKUP(PLOTS!A24,COUNTY_PIVOT!$AW$74:$AW$138,COUNTY_PIVOT!$BJ$74:$BJ$138) -> FALSE | F24: =_xlfn.XLOOKUP(PLOTS!A24,COUNTY_PIVOT!$AW$74:$AW$138,COUNTY_PIVOT!$BK$74:$BK$138) -> FALSE | G24: 0.013402346 | H24: 0.11570452 | I24: FALSE | J24: FALSE | K24: Small | L24: -- | X24: =_xlfn.CONCAT(A24," CO") -> Morgan County CO
A25: Pueblo County | B25: 70.671362 | C25: 0.0037657342 | D25: -0.0006803973 | E25: =_xlfn.XLOOKUP(PLOTS!A25,COUNTY_PIVOT!$AW$74:$AW$138,COUNTY_PIVOT!$BJ$74:$BJ$138) -> FALSE | F25: =_xlfn.XLOOKUP(PLOTS!A25,COUNTY_PIVOT!$AW$74:$AW$138,COUNTY_PIVOT!$BK$74:$BK$138) -> FALSE | G25: 0.011033881 | H25: -0.15364509 | I25: FALSE | J25: FALSE | K25: Small | L25: -- | X25: =_xlfn.CONCAT(A25," CO") -> Pueblo County CO
A26: Routt County | B26: 10.595188 | C26: 0.0068495246 | D26: 0.21910518 | E26: =_xlfn.XLOOKUP(PLOTS!A26,COUNTY_PIVOT!$AW$74:$AW$138,COUNTY_PIVOT!$BJ$74:$BJ$138) -> FALSE | F26: =_xlfn.XLOOKUP(PLOTS!A26,COUNTY_PIVOT!$AW$74:$AW$138,COUNTY_PIVOT!$BK$74:$BK$138) -> FALSE | G26: 0.014710625 | H26: 0.26448645 | I26: FALSE | J26: FALSE | K26: Small | L26: -- | X26: =_xlfn.CONCAT(A26," CO") -> Routt County CO
A27: Summit County | B27: 49.413494 | C27: -0.0065150326 | D27: -0.73340345 | E27: =_xlfn.XLOOKUP(PLOTS!A27,COUNTY_PIVOT!$AW$74:$AW$138,COUNTY_PIVOT!$BJ$74:$BJ$138) -> FALSE | F27: =_xlfn.XLOOKUP(PLOTS!A27,COUNTY_PIVOT!$AW$74:$AW$138,COUNTY_PIVOT!$BK$74:$BK$138) -> FALSE | G27: 0.010850219 | H27: -0.17453174 | I27: FALSE | J27: FALSE | K27: Small | L27: low_pop | X27: =_xlfn.CONCAT(A27," CO") -> Summit County CO
... A66: Yuma County | B66: 4.1863429 | C66: -0.0030050977 | D66: -0.48324602 | E66: =_xlfn.XLOOKUP(PLOTS!A66,COUNTY_PIVOT!$AW$74:$AW$138,COUNTY_PIVOT!$BJ$74:$BJ$138) -> FALSE | F66: =_xlfn.XLOOKUP(PLOTS!A66,COUNTY_PIVOT!$AW$74:$AW$138,COUNTY_PIVOT!$BK$74:$BK$138) -> FALSE | G66: 0.00069478425 | H66: -1.3294416 | I66: FALSE | J66: FALSE | K66: Tiny | L66: -- | X66: =_xlfn.CONCAT(A66," CO") -> Yuma County CO
